dForagingMean,dSurvTransitionBroodingForaging,dSurvTransitionForagingBrooding,event,gtime,nest_id,ind_id,mom_id,dad_id,is_mated,mate_id,current_foraging,next_foraging,num_choices,num_foraging,num_female_larva,num_larva,t_birth,is_alive,t_death,dispersal,num_femlarva,num_malelarva,num_adults,beta0,beta1,beta2,beta3,beta4
80,0.95,0.95,0,0.000529446,19,19,-1,-1,1,-1,0,1,0,0,0,0,0,1,-1,-4.92995,0,1,1,-0.0117153,-0.317207,0.0123486,-0.151055,0.105008
80,0.95,0.95,1,0.106097,11,11,-1,-1,1,-1,0,0,0,0,0,0,0,1,-1,-4.92925,0,1,1,-0.0753322,0.0179916,0.0896691,0.0434316,0.171854
80,0.95,0.95,2,0.143278,13,13,-1,-1,1,-1,0,1,0,0,0,0,0,1,-1,-4.9404,0,1,1,0.187355,-0.0463714,0.0371017,0.0905757,-0.103872
80,0.95,0.95,3,0.156304,14,14,-1,-1,1,-1,0,0,0,0,0,0,0,1,-1,-5.17935,1,0,1,0.0999625,0.138976,0.231423,-0.0650955,-0.105385
80,0.95,0.95,4,0.204657,8,8,-1,-1,1,-1,0,1,0,0,0,0,0,1,-1,-4.77262,1,0,1,-0.013502,0.00453818,0.015196,0.193644,-0.0624857
80,0.95,0.95,5,0.233617,21,21,-1,-1,1,-1,0,1,0,0,0,0,0,1,-1,-4.76125,1,0,1,-0.0062971,0.0978008,0.015196,0.0864095,-0.0624857
80,0.95,0.95,6,0.2752,23,23,-1,-1,1,-1,0,0,0,0,0,0,0,1,-1,-4.89664,1,0,1,0.0787592,0.017209,0.185883,-0.0637896,0.0588833
80,0.95,0.95,7,0.283886,1,1,-1,-1,1,-1,0,0,0,0,0,0,0,1,-1,-4.94941,0,1,1,0.00773111,-0.111578,0.00242818,0.125381,0.129955
80,0.95,0.95,8,0.339297,4,4,-1,-1,1,-1,0,1,0,0,0,0,0,1,-1,-5.00962,1,0,1,0.121941,0.0233351,0.0201277,0.0414855,0.0114315
80,0.95,0.95,9,0.341692,2,2,-1,-1,1,-1,0,0,0,0,0,0,0,1,-1,-4.75917,1,0,1,-0.0275176,-0.17187,0.115017,0.0156566,-0.0404695
80,0.95,0.95,10,0.362453,18,18,-1,-1,1,-1,0,1,0,0,0,0,0,1,-1,-4.79074,1,0,1,0.0919132,0.0637911,0.015196,0.157555,0.0302439
80,0.95,0.95,11,0.491024,3,3,-1,-1,1,-1,0,1,0,0,0,0,0,1,-1,-5.03464,0,1,1,0.00773111,-0.124425,-0.050212,0.254553,0.0824751
80,0.95,0.95,12,0.536485,9,9,-1,-1,1,-1,0,1,0,0,0,0,0,1,-1,-4.87788,0,1,1,-0.121876,0.0492788,0.179296,0.0324462,0.0578107
80,0.95,0.95,13,0.597576,22,22,-1,-1,1,-1,0,1,0,0,0,0,0,1,-1,-4.91593,0,1,1,0.199055,-0.0755558,0.035687,0.0353369,0.108545
80,0.95,0.95,14,0.627097,7,7,-1,-1,1,-1,0,1,0,0,0,0,0,1,-1,-4.97271,1,0,1,0.0119993,0.06679,-0.15504,-0.134104,-0.00888819
80,0.95,0.95,15,0.629325,16,16,-1,-1,1,-1,0,1,0,0,0,0,0,1,-1,-5.17133,1,0,1,-0.0674096,-0.0670277,-0.0591196,-0.00643656,0.0395433
80,0.95,0.95,16,0.663289,20,20,-1,-1,1,-1,0,1,0,0,0,0,0,1,-1,-5.0579,1,0,1,-0.074198,-0.0227908,0.111105,0.0976124,0.193118
80,0.95,0.95,17,0.847132,17,17,-1,-1,1,-1,0,0,0,0,0,0,0,1,-1,-5.05864,0,1,1,0.219046,-0.0600781,0.117689,-0.139411,0.00352351
80,0.95,0.95,18,0.856438,6,6,-1,-1,1,-1,0,0,0,0,0,0,0,1,-1,-4.88353,0,1,1,-0.0248411,-0.0807929,-0.0139013,0.0414855,-0.0980609
80,0.95,0.95,19,0.899061,24,24,-1,-1,1,-1,0,1,0,0,0,0,0,1,-1,-4.88101,0,1,1,-0.0365773,0.0196068,-0.018382,0.231627,0.0290723
80,0.95,0.95,20,0.918673,10,10,-1,-1,1,-1,0,1,0,0,0,0,0,1,-1,-4.77564,1,0,1,0.0714128,0.146228,0.109768,0.0892061,0.0624405
80,0.95,0.95,21,0.946171,12,12,-1,-1,1,-1,0,0,0,0,0,0,0,1,-1,-5.00962,1,0,1,0.114117,-0.0998236,0.0972708,-0.0747212,0.103038
80,0.95,0.95,22,0.968454,0,0,-1,-1,1,-1,0,0,0,0,0,0,0,1,-1,-4.78737,1,0,1,0.105244,-0.228379,-0.0100879,-0.179464,0.0139917
80,0.95,0.95,23,0.977808,5,5,-1,-1,1,-1,0,0,0,0,0,0,0,1,-1,-4.61016,0,1,1,0.0691281,0.0179916,0.0896691,-0.0102533,0.160903
80,0.95,0.95,24,0.997613,15,15,-1,-1,1,-1,0,1,0,0,0,0,0,1,-1,-4.7957,1,0,1,0.0885049,-0.0680864,0.144523,-0.049266,0.113641
80,0.95,0.95,25,2.99761,15,15,-1,-1,1,-1,1,1,1,0,1,1,0,0,2.99761,-4.7957,1,0,0,0.0885049,-0.0680864,0.144523,-0.049266,0.113641
80,0.95,0.95,26,4.00053,19,19,-1,-1,1,-1,1,0,1,0,0,1,0,1,-1,-4.92995,0,0,1,-0.0117153,-0.317207,0.0123486,-0.151055,0.105008
80,0.95,0.95,27,4.1061,11,11,-1,-1,1,-1,0,1,1,0,0,1,0,1,-1,-4.92925,1,1,1,-0.0753322,0.0179916,0.0896691,0.0434316,0.171854
80,0.95,0.95,28,4.14328,13,13,-1,-1,1,-1,1,1,1,0,0,1,0,1,-1,-4.9404,0,0,1,0.187355,-0.0463714,0.0371017,0.0905757,-0.103872
80,0.95,0.95,29,4.1563,14,14,-1,-1,1,-1,0,0,1,0,1,1,0,1,-1,-5.17935,2,0,1,0.0999625,0.138976,0.231423,-0.0650955,-0.105385
80,0.95,0.95,30,4.20466,8,8,-1,-1,1,-1,1,0,1,0,1,1,0,1,-1,-4.77262,0,0,1,-0.013502,0.00453818,0.015196,0.193644,-0.0624857
80,0.95,0.95,31,4.23362,21,21,-1,-1,1,-1,1,0,1,0,1,1,0,1,-1,-4.76125,0,0,1,-0.0062971,0.0978008,0.015196,0.0864095,-0.0624857
80,0.95,0.95,32,4.2752,23,23,-1,-1,1,-1,0,1,1,0,1,1,0,1,-1,-4.89664,2,0,1,0.0787592,0.017209,0.185883,-0.0637896,0.0588833
80,0.95,0.95,33,4.28389,1,1,-1,-1,1,-1,0,0,1,0,0,1,0,1,-1,-4.94941,1,1,1,0.00773111,-0.111578,0.00242818,0.125381,0.129955
80,0.95,0.95,34,4.3393,4,4,-1,-1,1,-1,1,1,1,0,1,1,0,1,-1,-5.00962,0,0,1,0.121941,0.0233351,0.0201277,0.0414855,0.0114315
80,0.95,0.95,35,4.34169,2,2,-1,-1,1,-1,0,1,1,0,1,1,0,1,-1,-4.75917,2,0,1,-0.0275176,-0.17187,0.115017,0.0156566,-0.0404695
80,0.95,0.95,36,4.36245,18,18,-1,-1,1,-1,1,1,1,0,1,1,0,1,-1,-4.79074,0,0,1,0.0919132,0.0637911,0.015196,0.157555,0.0302439
80,0.95,0.95,37,4.49102,3,3,-1,-1,1,-1,1,0,1,0,0,1,0,1,-1,-5.03464,0,0,1,0.00773111,-0.124425,-0.050212,0.254553,0.0824751
80,0.95,0.95,38,4.53649,9,9,-1,-1,1,-1,1,0,1,0,0,1,0,1,-1,-4.87788,0,0,1,-0.121876,0.0492788,0.179296,0.0324462,0.0578107
80,0.95,0.95,39,4.59758,22,22,-1,-1,1,-1,1,0,1,0,0,1,0,1,-1,-4.91593,0,0,1,0.199055,-0.0755558,0.035687,0.0353369,0.108545
80,0.95,0.95,40,4.6271,7,7,-1,-1,1,-1,1,1,1,0,1,1,0,1,-1,-4.97271,0,0,1,0.0119993,0.06679,-0.15504,-0.134104,-0.00888819
80,0.95,0.95,41,4.62933,16,16,-1,-1,1,-1,1,0,1,0,1,1,0,1,-1,-5.17133,0,0,1,-0.0674096,-0.0670277,-0.0591196,-0.00643656,0.0395433
80,0.95,0.95,42,4.66329,20,20,-1,-1,1,-1,1,1,1,0,1,1,0,1,-1,-5.0579,0,0,1,-0.074198,-0.0227908,0.111105,0.0976124,0.193118
80,0.95,0.95,43,4.84713,17,17,-1,-1,1,-1,0,0,1,0,0,1,0,1,-1,-5.05864,0,2,1,0.219046,-0.0600781,0.117689,-0.139411,0.00352351
80,0.95,0.95,44,4.85644,6,6,-1,-1,1,-1,0,0,1,0,0,1,0,1,-1,-4.88353,0,2,1,-0.0248411,-0.0807929,-0.0139013,0.0414855,-0.0980609
80,0.95,0.95,45,4.89906,24,24,-1,-1,1,-1,1,1,1,0,0,1,0,1,-1,-4.88101,0,0,1,-0.0365773,0.0196068,-0.018382,0.231627,0.0290723
80,0.95,0.95,46,4.91867,10,10,-1,-1,1,-1,1,0,1,0,1,1,0,1,-1,-4.77564,0,0,1,0.0714128,0.146228,0.109768,0.0892061,0.0624405
80,0.95,0.95,47,4.94617,12,12,-1,-1,1,-1,0,0,1,0,1,1,0,1,-1,-5.00962,1,1,1,0.114117,-0.0998236,0.0972708,-0.0747212,0.103038
80,0.95,0.95,48,4.96845,0,0,-1,-1,1,-1,0,1,1,0,1,1,0,1,-1,-4.78737,1,1,1,0.105244,-0.228379,-0.0100879,-0.179464,0.0139917
80,0.95,0.95,49,4.97781,5,5,-1,-1,1,-1,0,1,1,0,0,1,0,1,-1,-4.61016,0,2,1,0.0691281,0.0179916,0.0896691,-0.0102533,0.160903
80,0.95,0.95,50,8.00053,19,19,-1,-1,1,-1,0,0,2,1,0,1,0,1,-1,-4.92995,1,0,1,-0.0117153,-0.317207,0.0123486,-0.151055,0.105008
80,0.95,0.95,51,8.1061,11,11,-1,-1,1,-1,1,1,2,0,1,2,0,1,-1,-4.92925,1,0,1,-0.0753322,0.0179916,0.0896691,0.0434316,0.171854
80,0.95,0.95,52,8.14328,13,13,-1,-1,1,-1,1,0,2,1,0,1,0,1,-1,-4.9404,0,0,1,0.187355,-0.0463714,0.0371017,0.0905757,-0.103872
80,0.95,0.95,53,8.1563,14,14,-1,-1,1,-1,0,0,2,0,2,2,0,1,-1,-5.17935,3,0,1,0.0999625,0.138976,0.231423,-0.0650955,-0.105385
80,0.95,0.95,54,8.20466,8,8,-1,-1,1,-1,0,1,2,1,1,1,0,1,-1,-4.77262,1,0,1,-0.013502,0.00453818,0.015196,0.193644,-0.0624857
80,0.95,0.95,55,8.23362,21,21,-1,-1,1,-1,0,0,2,1,1,1,0,1,-1,-4.76125,1,0,1,-0.0062971,0.0978008,0.015196,0.0864095,-0.0624857
80,0.95,0.95,56,8.2752,23,23,-1,-1,1,-1,1,0,2,0,2,2,0,1,-1,-4.89664,1,0,1,0.0787592,0.017209,0.185883,-0.0637896,0.0588833
80,0.95,0.95,57,8.28389,1,1,-1,-1,1,-1,0,1,2,0,1,2,0,1,-1,-4.94941,1,2,1,0.00773111,-0.111578,0.00242818,0.125381,0.129955
80,0.95,0.95,58,8.3393,4,4,-1,-1,1,-1,1,1,2,1,1,1,0,1,-1,-5.00962,0,0,1,0.121941,0.0233351,0.0201277,0.0414855,0.0114315
80,0.95,0.95,59,8.34169,2,2,-1,-1,1,-1,1,1,2,0,2,2,0,1,-1,-4.75917,0,0,1,-0.0275176,-0.17187,0.115017,0.0156566,-0.0404695
80,0.95,0.95,60,8.36245,18,18,-1,-1,1,-1,1,1,2,1,1,1,0,1,-1,-4.79074,0,0,1,0.0919132,0.0637911,0.015196,0.157555,0.0302439
80,0.95,0.95,61,8.49102,3,3,-1,-1,1,-1,0,1,2,1,0,1,0,1,-1,-5.03464,0,1,1,0.00773111,-0.124425,-0.050212,0.254553,0.0824751
80,0.95,0.95,62,8.53649,9,9,-1,-1,1,-1,0,1,2,1,0,1,0,1,-1,-4.87788,0,1,1,-0.121876,0.0492788,0.179296,0.0324462,0.0578107
80,0.95,0.95,63,8.59758,22,22,-1,-1,1,-1,0,0,2,1,0,1,0,1,-1,-4.91593,1,0,1,0.199055,-0.0755558,0.035687,0.0353369,0.108545
80,0.95,0.95,64,8.6271,7,7,-1,-1,1,-1,1,0,2,1,1,1,0,1,-1,-4.97271,0,0,1,0.0119993,0.06679,-0.15504,-0.134104,-0.00888819
80,0.95,0.95,65,8.62933,16,16,-1,-1,1,-1,0,0,2,1,1,1,0,1,-1,-5.17133,1,0,1,-0.0674096,-0.0670277,-0.0591196,-0.00643656,0.0395433
80,0.95,0.95,66,8.66329,20,20,-1,-1,1,-1,1,1,2,1,1,1,0,1,-1,-5.0579,0,0,1,-0.074198,-0.0227908,0.111105,0.0976124,0.193118
80,0.95,0.95,67,8.84713,17,17,-1,-1,1,-1,0,0,2,0,0,2,0,1,-1,-5.05864,1,2,1,0.219046,-0.0600781,0.117689,-0.139411,0.00352351
80,0.95,0.95,68,8.85644,6,6,-1,-1,1,-1,0,1,2,0,0,2,0,1,-1,-4.88353,1,2,1,-0.0248411,-0.0807929,-0.0139013,0.0414855,-0.0980609
80,0.95,0.95,69,8.89906,24,24,-1,-1,1,-1,1,0,2,1,0,1,0,1,-1,-4.88101,0,0,1,-0.0365773,0.0196068,-0.018382,0.231627,0.0290723
80,0.95,0.95,70,8.91867,10,10,-1,-1,1,-1,0,1,2,1,1,1,0,1,-1,-4.77564,0,1,1,0.0714128,0.146228,0.109768,0.0892061,0.0624405
80,0.95,0.95,71,8.94617,12,12,-1,-1,1,-1,0,0,2,0,1,2,0,1,-1,-5.00962,1,2,1,0.114117,-0.0998236,0.0972708,-0.0747212,0.103038
80,0.95,0.95,72,8.96845,0,0,-1,-1,1,-1,1,1,2,0,1,2,0,1,-1,-4.78737,1,0,1,0.105244,-0.228379,-0.0100879,-0.179464,0.0139917
80,0.95,0.95,73,8.97781,5,5,-1,-1,1,-1,1,0,2,0,0,2,0,1,-1,-4.61016,0,0,1,0.0691281,0.0179916,0.0896691,-0.0102533,0.160903
80,0.95,0.95,74,12.0005,19,19,-1,-1,1,-1,0,0,3,1,1,2,0,1,-1,-4.92995,1,1,1,-0.0117153,-0.317207,0.0123486,-0.151055,0.105008
80,0.95,0.95,75,12.1061,11,11,-1,-1,1,-1,1,0,3,1,1,2,0,1,-1,-4.92925,0,0,1,-0.0753322,0.0179916,0.0896691,0.0434316,0.171854
80,0.95,0.95,76,12.1433,13,13,-1,-1,1,-1,0,0,3,2,0,1,0,1,-1,-4.9404,0,1,1,0.187355,-0.0463714,0.0371017,0.0905757,-0.103872
80,0.95,0.95,77,12.1563,14,14,-1,-1,1,-1,0,0,3,0,3,3,0,1,-1,-5.17935,3,1,1,0.0999625,0.138976,0.231423,-0.0650955,-0.105385
80,0.95,0.95,78,12.2047,8,8,-1,-1,1,-1,1,1,3,1,2,2,0,1,-1,-4.77262,0,0,1,-0.013502,0.00453818,0.015196,0.193644,-0.0624857
80,0.95,0.95,79,12.2336,21,21,-1,-1,1,-1,0,1,3,1,2,2,0,1,-1,-4.76125,2,0,1,-0.0062971,0.0978008,0.015196,0.0864095,-0.0624857
80,0.95,0.95,80,12.2752,23,23,-1,-1,1,-1,0,1,3,1,2,2,0,1,-1,-4.89664,1,1,1,0.0787592,0.017209,0.185883,-0.0637896,0.0588833
80,0.95,0.95,81,12.2839,1,1,-1,-1,1,-1,1,0,3,0,1,3,0,1,-1,-4.94941,0,2,1,0.00773111,-0.111578,0.00242818,0.125381,0.129955
80,0.95,0.95,82,12.3393,4,4,-1,-1,1,-1,1,0,3,2,1,1,0,1,-1,-5.00962,0,0,1,0.121941,0.0233351,0.0201277,0.0414855,0.0114315
80,0.95,0.95,83,12.3417,2,2,-1,-1,1,-1,1,0,3,1,2,2,0,1,-1,-4.75917,0,0,1,-0.0275176,-0.17187,0.115017,0.0156566,-0.0404695
80,0.95,0.95,84,12.3625,18,18,-1,-1,1,-1,1,0,3,2,1,1,0,1,-1,-4.79074,0,0,1,0.0919132,0.0637911,0.015196,0.157555,0.0302439
80,0.95,0.95,85,12.491,3,3,-1,-1,1,-1,1,1,3,1,0,2,0,1,-1,-5.03464,0,0,1,0.00773111,-0.124425,-0.050212,0.254553,0.0824751
80,0.95,0.95,86,12.5365,9,9,-1,-1,1,-1,1,1,3,1,0,2,0,1,-1,-4.87788,0,0,1,-0.121876,0.0492788,0.179296,0.0324462,0.0578107
80,0.95,0.95,87,12.5976,22,22,-1,-1,1,-1,0,1,3,1,1,2,0,1,-1,-4.91593,2,0,1,0.199055,-0.0755558,0.035687,0.0353369,0.108545
80,0.95,0.95,88,12.6271,7,7,-1,-1,1,-1,0,1,3,2,1,1,0,1,-1,-4.97271,0,1,1,0.0119993,0.06679,-0.15504,-0.134104,-0.00888819
80,0.95,0.95,89,12.6293,16,16,-1,-1,1,-1,0,0,3,1,2,2,0,1,-1,-5.17133,2,0,1,-0.0674096,-0.0670277,-0.0591196,-0.00643656,0.0395433
80,0.95,0.95,90,12.6633,20,20,-1,-1,1,-1,1,0,3,2,1,1,0,1,-1,-5.0579,0,0,1,-0.074198,-0.0227908,0.111105,0.0976124,0.193118
80,0.95,0.95,91,12.8471,17,17,-1,-1,1,-1,0,0,3,0,1,3,0,1,-1,-5.05864,1,3,1,0.219046,-0.0600781,0.117689,-0.139411,0.00352351
80,0.95,0.95,92,12.8564,6,6,-1,-1,1,-1,1,1,3,0,1,3,0,1,-1,-4.88353,1,1,1,-0.0248411,-0.0807929,-0.0139013,0.0414855,-0.0980609
80,0.95,0.95,93,12.8991,24,24,-1,-1,1,-1,0,1,3,2,0,1,0,1,-1,-4.88101,1,0,1,-0.0365773,0.0196068,-0.018382,0.231627,0.0290723
80,0.95,0.95,94,12.9187,10,10,-1,-1,1,-1,1,0,3,1,1,2,0,1,-1,-4.77564,0,0,1,0.0714128,0.146228,0.109768,0.0892061,0.0624405
80,0.95,0.95,95,12.9462,12,12,-1,-1,1,-1,0,1,3,0,1,3,0,1,-1,-5.00962,2,2,1,0.114117,-0.0998236,0.0972708,-0.0747212,0.103038
80,0.95,0.95,96,12.9685,0,0,-1,-1,1,-1,1,0,3,1,1,2,0,1,-1,-4.78737,0,0,1,0.105244,-0.228379,-0.0100879,-0.179464,0.0139917
80,0.95,0.95,97,12.9778,5,5,-1,-1,1,-1,0,0,3,1,0,2,0,1,-1,-4.61016,0,1,1,0.0691281,0.0179916,0.0896691,-0.0102533,0.160903
80,0.95,0.95,98,16.0005,19,19,-1,-1,1,-1,0,0,4,1,1,3,0,1,-1,-4.92995,2,1,1,-0.0117153,-0.317207,0.0123486,-0.151055,0.105008
80,0.95,0.95,99,16.1061,11,11,-1,-1,1,-1,0,0,4,2,1,2,0,1,-1,-4.92925,0,1,1,-0.0753322,0.0179916,0.0896691,0.0434316,0.171854
80,0.95,0.95,100,16.1433,13,13,-1,-1,1,-1,0,0,4,2,0,2,0,1,-1,-4.9404,0,2,1,0.187355,-0.0463714,0.0371017,0.0905757,-0.103872
80,0.95,0.95,101,16.1563,14,14,-1,-1,1,-1,0,0,4,0,3,4,0,1,-1,-5.17935,3,2,1,0.0999625,0.138976,0.231423,-0.0650955,-0.105385
80,0.95,0.95,102,16.2047,8,8,-1,-1,1,-1,1,1,4,2,2,2,0,1,-1,-4.77262,0,0,1,-0.013502,0.00453818,0.015196,0.193644,-0.0624857
80,0.95,0.95,103,16.2336,21,21,-1,-1,1,-1,1,0,4,1,3,3,0,1,-1,-4.76125,1,0,1,-0.0062971,0.0978008,0.015196,0.0864095,-0.0624857
80,0.95,0.95,104,16.2752,23,23,-1,-1,1,-1,1,1,4,1,2,3,0,1,-1,-4.89664,0,0,1,0.0787592,0.017209,0.185883,-0.0637896,0.0588833
80,0.95,0.95,105,16.2839,1,1,-1,-1,1,-1,0,0,4,1,1,3,0,1,-1,-4.94941,0,3,1,0.00773111,-0.111578,0.00242818,0.125381,0.129955
80,0.95,0.95,106,16.3393,4,4,-1,-1,1,-1,0,1,4,3,1,1,0,1,-1,-5.00962,1,0,1,0.121941,0.0233351,0.0201277,0.0414855,0.0114315
80,0.95,0.95,107,16.3417,2,2,-1,-1,1,-1,0,1,4,2,2,2,0,1,-1,-4.75917,0,1,1,-0.0275176,-0.17187,0.115017,0.0156566,-0.0404695
80,0.95,0.95,108,16.3625,18,18,-1,-1,1,-1,0,0,4,3,1,1,0,1,-1,-4.79074,0,1,1,0.0919132,0.0637911,0.015196,0.157555,0.0302439
80,0.95,0.95,109,16.491,3,3,-1,-1,1,-1,1,0,4,2,0,2,0,1,-1,-5.03464,0,0,1,0.00773111,-0.124425,-0.050212,0.254553,0.0824751
80,0.95,0.95,110,16.5365,9,9,-1,-1,1,-1,1,1,4,2,0,2,0,1,-1,-4.87788,0,0,1,-0.121876,0.0492788,0.179296,0.0324462,0.0578107
80,0.95,0.95,111,16.5976,22,22,-1,-1,1,-1,1,0,4,1,2,3,0,1,-1,-4.91593,1,0,1,0.199055,-0.0755558,0.035687,0.0353369,0.108545
80,0.95,0.95,112,16.6271,7,7,-1,-1,1,-1,1,1,4,2,1,2,0,1,-1,-4.97271,0,0,1,0.0119993,0.06679,-0.15504,-0.134104,-0.00888819
80,0.95,0.95,113,16.6293,16,16,-1,-1,1,-1,0,0,4,1,3,3,0,1,-1,-5.17133,3,0,1,-0.0674096,-0.0670277,-0.0591196,-0.00643656,0.0395433
80,0.95,0.95,114,16.6633,20,20,-1,-1,1,-1,0,1,4,3,1,1,0,1,-1,-5.0579,0,1,1,-0.074198,-0.0227908,0.111105,0.0976124,0.193118
80,0.95,0.95,115,16.8471,17,17,-1,-1,1,-1,0,1,4,0,1,4,0,1,-1,-5.05864,2,3,1,0.219046,-0.0600781,0.117689,-0.139411,0.00352351
80,0.95,0.95,116,16.8564,6,6,-1,-1,1,-1,1,0,4,1,1,3,0,1,-1,-4.88353,0,1,1,-0.0248411,-0.0807929,-0.0139013,0.0414855,-0.0980609
80,0.95,0.95,117,16.8991,24,24,-1,-1,1,-1,1,0,4,2,1,2,0,1,-1,-4.88101,0,0,1,-0.0365773,0.0196068,-0.018382,0.231627,0.0290723
80,0.95,0.95,118,16.9187,10,10,-1,-1,1,-1,0,0,4,2,1,2,0,1,-1,-4.77564,1,0,1,0.0714128,0.146228,0.109768,0.0892061,0.0624405
80,0.95,0.95,119,16.9462,12,12,-1,-1,1,-1,1,0,4,0,2,4,0,1,-1,-5.00962,1,2,1,0.114117,-0.0998236,0.0972708,-0.0747212,0.103038
80,0.95,0.95,120,16.9685,0,0,-1,-1,1,-1,0,1,4,2,1,2,0,1,-1,-4.78737,1,0,1,0.105244,-0.228379,-0.0100879,-0.179464,0.0139917
80,0.95,0.95,121,16.9778,5,5,-1,-1,1,-1,0,0,4,1,0,3,0,1,-1,-4.61016,1,1,1,0.0691281,0.0179916,0.0896691,-0.0102533,0.160903
80,0.95,0.95,122,18.8991,24,24,-1,-1,1,-1,0,0,5,3,1,2,0,0,18.8991,-4.88101,0,0,0,-0.0365773,0.0196068,-0.018382,0.231627,0.0290723
80,0.95,0.95,123,20.0005,19,19,-1,-1,1,-1,0,0,5,1,2,4,0,1,-1,-4.92995,2,2,1,-0.0117153,-0.317207,0.0123486,-0.151055,0.105008
80,0.95,0.95,124,20.1061,11,11,-1,-1,1,-1,0,0,5,2,1,3,0,1,-1,-4.92925,0,2,1,-0.0753322,0.0179916,0.0896691,0.0434316,0.171854
80,0.95,0.95,125,20.1433,13,13,-1,-1,1,-1,0,1,5,2,0,3,0,1,-1,-4.9404,0,3,1,0.187355,-0.0463714,0.0371017,0.0905757,-0.103872
80,0.95,0.95,126,20.1563,14,14,-1,-1,1,-1,0,0,5,0,3,5,0,1,-1,-5.17935,3,3,1,0.0999625,0.138976,0.231423,-0.0650955,-0.105385
80,0.95,0.95,127,20.2047,8,8,-1,-1,1,-1,1,0,5,3,2,2,0,1,-1,-4.77262,0,0,1,-0.013502,0.00453818,0.015196,0.193644,-0.0624857
80,0.95,0.95,128,20.2336,21,21,-1,-1,1,-1,0,1,5,2,3,3,0,1,-1,-4.76125,1,1,1,-0.0062971,0.0978008,0.015196,0.0864095,-0.0624857
80,0.95,0.95,129,20.2752,23,23,-1,-1,1,-1,1,1,5,2,2,3,0,1,-1,-4.89664,0,0,1,0.0787592,0.017209,0.185883,-0.0637896,0.0588833
80,0.95,0.95,130,20.2839,1,1,-1,-1,1,-1,0,1,5,1,1,4,0,1,-1,-4.94941,1,3,1,0.00773111,-0.111578,0.00242818,0.125381,0.129955
80,0.95,0.95,131,20.3393,4,4,-1,-1,1,-1,1,1,5,3,2,2,0,1,-1,-5.00962,0,0,1,0.121941,0.0233351,0.0201277,0.0414855,0.0114315
80,0.95,0.95,132,20.3417,2,2,-1,-1,1,-1,1,1,5,2,2,3,0,1,-1,-4.75917,0,0,1,-0.0275176,-0.17187,0.115017,0.0156566,-0.0404695
80,0.95,0.95,133,20.3625,18,18,-1,-1,1,-1,0,1,5,3,1,2,0,1,-1,-4.79074,0,2,1,0.0919132,0.0637911,0.015196,0.157555,0.0302439
80,0.95,0.95,134,20.491,3,3,-1,-1,1,-1,0,0,5,3,0,2,0,1,-1,-5.03464,0,1,1,0.00773111,-0.124425,-0.050212,0.254553,0.0824751
80,0.95,0.95,135,20.5365,9,9,-1,-1,1,-1,1,1,5,3,0,2,0,1,-1,-4.87788,0,0,1,-0.121876,0.0492788,0.179296,0.0324462,0.0578107
80,0.95,0.95,136,20.5976,22,22,-1,-1,1,-1,0,0,5,2,2,3,0,1,-1,-4.91593,2,0,1,0.199055,-0.0755558,0.035687,0.0353369,0.108545
80,0.95,0.95,137,20.6271,7,7,-1,-1,1,-1,1,0,5,3,1,2,0,1,-1,-4.97271,0,0,1,0.0119993,0.06679,-0.15504,-0.134104,-0.00888819
80,0.95,0.95,138,20.6293,16,16,-1,-1,1,-1,0,1,5,1,4,4,0,1,-1,-5.17133,4,0,1,-0.0674096,-0.0670277,-0.0591196,-0.00643656,0.0395433
80,0.95,0.95,139,20.6633,20,20,-1,-1,1,-1,1,1,5,3,1,2,0,1,-1,-5.0579,0,0,1,-0.074198,-0.0227908,0.111105,0.0976124,0.193118
80,0.95,0.95,140,20.8471,17,17,-1,-1,1,-1,1,1,5,0,2,5,0,1,-1,-5.05864,2,1,1,0.219046,-0.0600781,0.117689,-0.139411,0.00352351
80,0.95,0.95,141,20.8564,6,6,-1,-1,1,-1,0,1,5,2,1,3,0,1,-1,-4.88353,1,1,1,-0.0248411,-0.0807929,-0.0139013,0.0414855,-0.0980609
80,0.95,0.95,142,20.9187,10,10,-1,-1,1,-1,0,1,5,2,2,3,0,1,-1,-4.77564,2,0,1,0.0714128,0.146228,0.109768,0.0892061,0.0624405
80,0.95,0.95,143,20.9462,12,12,-1,-1,1,-1,0,1,5,1,2,4,0,1,-1,-5.00962,2,2,1,0.114117,-0.0998236,0.0972708,-0.0747212,0.103038
80,0.95,0.95,144,20.9685,0,0,-1,-1,1,-1,1,0,5,2,2,3,0,1,-1,-4.78737,0,0,1,0.105244,-0.228379,-0.0100879,-0.179464,0.0139917
80,0.95,0.95,145,20.9778,5,5,-1,-1,1,-1,0,0,5,1,1,4,0,1,-1,-4.61016,2,1,1,0.0691281,0.0179916,0.0896691,-0.0102533,0.160903
80,0.95,0.95,146,22.8564,6,6,-1,-1,1,-1,1,1,6,2,2,4,0,0,22.8564,-4.88353,1,1,0,-0.0248411,-0.0807929,-0.0139013,0.0414855,-0.0980609
80,0.95,0.95,147,22.9685,0,0,-1,-1,1,-1,0,0,6,3,2,3,0,0,22.9685,-4.78737,0,0,0,0.105244,-0.228379,-0.0100879,-0.179464,0.0139917
80,0.95,0.95,148,24.0005,19,19,-1,-1,1,-1,0,0,6,1,2,5,0,1,-1,-4.92995,2,3,1,-0.0117153,-0.317207,0.0123486,-0.151055,0.105008
80,0.95,0.95,149,24.1061,11,11,-1,-1,1,-1,0,1,6,2,1,4,0,1,-1,-4.92925,0,3,1,-0.0753322,0.0179916,0.0896691,0.0434316,0.171854
80,0.95,0.95,150,24.1433,13,13,-1,-1,1,-1,1,0,6,2,0,4,0,1,-1,-4.9404,0,2,1,0.187355,-0.0463714,0.0371017,0.0905757,-0.103872
80,0.95,0.95,151,24.1563,14,14,-1,-1,1,-1,0,0,6,0,3,6,0,1,-1,-5.17935,3,4,1,0.0999625,0.138976,0.231423,-0.0650955,-0.105385
80,0.95,0.95,152,24.2047,8,8,-1,-1,1,-1,0,0,6,4,2,2,0,1,-1,-4.77262,0,1,1,-0.013502,0.00453818,0.015196,0.193644,-0.0624857
80,0.95,0.95,153,24.2336,21,21,-1,-1,1,-1,1,0,6,2,3,4,0,1,-1,-4.76125,0,1,1,-0.0062971,0.0978008,0.015196,0.0864095,-0.0624857
80,0.95,0.95,154,24.2752,23,23,-1,-1,1,-1,1,0,6,3,2,3,0,1,-1,-4.89664,0,0,1,0.0787592,0.017209,0.185883,-0.0637896,0.0588833
80,0.95,0.95,155,24.2839,1,1,-1,-1,1,-1,1,0,6,1,2,5,0,1,-1,-4.94941,1,2,1,0.00773111,-0.111578,0.00242818,0.125381,0.129955
80,0.95,0.95,156,24.3393,4,4,-1,-1,1,-1,1,0,6,4,2,2,0,1,-1,-5.00962,0,0,1,0.121941,0.0233351,0.0201277,0.0414855,0.0114315
80,0.95,0.95,157,24.3417,2,2,-1,-1,1,-1,1,0,6,3,2,3,0,1,-1,-4.75917,0,0,1,-0.0275176,-0.17187,0.115017,0.0156566,-0.0404695
80,0.95,0.95,158,24.3625,18,18,-1,-1,1,-1,1,0,6,3,1,3,0,1,-1,-4.79074,0,1,1,0.0919132,0.0637911,0.015196,0.157555,0.0302439
80,0.95,0.95,159,24.491,3,3,-1,-1,1,-1,0,1,6,3,0,3,0,1,-1,-5.03464,0,2,1,0.00773111,-0.124425,-0.050212,0.254553,0.0824751
80,0.95,0.95,160,24.5365,9,9,-1,-1,1,-1,1,1,6,4,0,2,0,1,-1,-4.87788,0,0,1,-0.121876,0.0492788,0.179296,0.0324462,0.0578107
80,0.95,0.95,161,24.5976,22,22,-1,-1,1,-1,0,0,6,2,3,4,0,1,-1,-4.91593,2,1,1,0.199055,-0.0755558,0.035687,0.0353369,0.108545
80,0.95,0.95,162,24.6271,7,7,-1,-1,1,-1,0,1,6,4,1,2,0,1,-1,-4.97271,0,1,1,0.0119993,0.06679,-0.15504,-0.134104,-0.00888819
80,0.95,0.95,163,24.6293,16,16,-1,-1,1,-1,1,0,6,1,5,5,0,1,-1,-5.17133,3,0,1,-0.0674096,-0.0670277,-0.0591196,-0.00643656,0.0395433
80,0.95,0.95,164,24.6633,20,20,-1,-1,1,-1,1,0,6,4,1,2,0,1,-1,-5.0579,0,0,1,-0.074198,-0.0227908,0.111105,0.0976124,0.193118
80,0.95,0.95,165,24.8471,17,17,-1,-1,1,-1,1,0,6,1,2,5,0,1,-1,-5.05864,1,1,1,0.219046,-0.0600781,0.117689,-0.139411,0.00352351
80,0.95,0.95,166,24.9187,10,10,-1,-1,1,-1,1,1,6,2,3,4,0,1,-1,-4.77564,0,0,1,0.0714128,0.146228,0.109768,0.0892061,0.0624405
80,0.95,0.95,167,24.9462,12,12,-1,-1,1,-1,1,1,6,1,3,5,0,1,-1,-5.00962,2,1,1,0.114117,-0.0998236,0.0972708,-0.0747212,0.103038
80,0.95,0.95,168,24.9778,5,5,-1,-1,1,-1,0,1,6,1,2,5,0,1,-1,-4.61016,3,1,1,0.0691281,0.0179916,0.0896691,-0.0102533,0.160903
80,0.95,0.95,169,26.6271,7,7,-1,-1,1,-1,1,1,7,4,1,3,0,0,26.6271,-4.97271,0,1,0,0.0119993,0.06679,-0.15504,-0.134104,-0.00888819
80,0.95,0.95,170,28.0005,19,19,-1,-1,1,-1,0,0,7,1,2,6,0,1,-1,-4.92995,3,3,1,-0.0117153,-0.317207,0.0123486,-0.151055,0.105008
80,0.95,0.95,171,28.1061,11,11,-1,-1,1,-1,1,1,7,2,1,5,0,1,-1,-4.92925,0,2,1,-0.0753322,0.0179916,0.0896691,0.0434316,0.171854
80,0.95,0.95,172,28.1433,13,13,-1,-1,1,-1,0,1,7,3,0,4,0,1,-1,-4.9404,1,2,1,0.187355,-0.0463714,0.0371017,0.0905757,-0.103872
80,0.95,0.95,173,28.1563,14,14,-1,-1,1,-1,0,1,7,0,3,7,0,1,-1,-5.17935,4,4,1,0.0999625,0.138976,0.231423,-0.0650955,-0.105385
80,0.95,0.95,174,28.2047,8,8,-1,-1,1,-1,0,0,7,4,2,3,0,1,-1,-4.77262,0,2,1,-0.013502,0.00453818,0.015196,0.193644,-0.0624857
80,0.95,0.95,175,28.2336,21,21,-1,-1,1,-1,0,0,7,3,3,4,0,1,-1,-4.76125,1,1,1,-0.0062971,0.0978008,0.015196,0.0864095,-0.0624857
80,0.95,0.95,176,28.2752,23,23,-1,-1,1,-1,0,0,7,4,2,3,0,1,-1,-4.89664,1,0,1,0.0787592,0.017209,0.185883,-0.0637896,0.0588833
80,0.95,0.95,177,28.2839,1,1,-1,-1,1,-1,0,0,7,2,2,5,0,1,-1,-4.94941,1,3,1,0.00773111,-0.111578,0.00242818,0.125381,0.129955
80,0.95,0.95,178,28.3393,4,4,-1,-1,1,-1,0,1,7,5,2,2,0,1,-1,-5.00962,1,0,1,0.121941,0.0233351,0.0201277,0.0414855,0.0114315
80,0.95,0.95,179,28.3417,2,2,-1,-1,1,-1,0,1,7,4,2,3,0,1,-1,-4.75917,0,1,1,-0.0275176,-0.17187,0.115017,0.0156566,-0.0404695
80,0.95,0.95,180,28.3625,18,18,-1,-1,1,-1,0,0,7,4,1,3,0,1,-1,-4.79074,1,1,1,0.0919132,0.0637911,0.015196,0.157555,0.0302439
80,0.95,0.95,181,28.491,3,3,-1,-1,1,-1,1,1,7,3,0,4,0,1,-1,-5.03464,0,1,1,0.00773111,-0.124425,-0.050212,0.254553,0.0824751
80,0.95,0.95,182,28.5365,9,9,-1,-1,1,-1,1,1,7,5,0,2,0,1,-1,-4.87788,0,0,1,-0.121876,0.0492788,0.179296,0.0324462,0.0578107
80,0.95,0.95,183,28.5976,22,22,-1,-1,1,-1,0,1,7,2,3,5,0,1,-1,-4.91593,3,1,1,0.199055,-0.0755558,0.035687,0.0353369,0.108545
80,0.95,0.95,184,28.6293,16,16,-1,-1,1,-1,0,0,7,2,5,5,0,1,-1,-5.17133,4,0,1,-0.0674096,-0.0670277,-0.0591196,-0.00643656,0.0395433
80,0.95,0.95,185,28.6633,20,20,-1,-1,1,-1,0,0,7,5,1,2,0,1,-1,-5.0579,1,0,1,-0.074198,-0.0227908,0.111105,0.0976124,0.193118
80,0.95,0.95,186,28.8471,17,17,-1,-1,1,-1,0,1,7,2,2,5,0,1,-1,-5.05864,2,1,1,0.219046,-0.0600781,0.117689,-0.139411,0.00352351
80,0.95,0.95,187,28.9187,10,10,-1,-1,1,-1,1,1,7,3,3,4,0,1,-1,-4.77564,0,0,1,0.0714128,0.146228,0.109768,0.0892061,0.0624405
80,0.95,0.95,188,28.9462,12,12,-1,-1,1,-1,1,0,7,2,3,5,0,1,-1,-5.00962,2,0,1,0.114117,-0.0998236,0.0972708,-0.0747212,0.103038
80,0.95,0.95,189,28.9778,5,5,-1,-1,1,-1,1,1,7,1,3,6,0,1,-1,-4.61016,2,1,1,0.0691281,0.0179916,0.0896691,-0.0102533,0.160903
80,0.95,0.95,190,30.5976,22,22,-1,-1,1,-1,1,1,8,2,4,6,0,0,30.5976,-4.91593,3,1,0,0.199055,-0.0755558,0.035687,0.0353369,0.108545
80,0.95,0.95,191,32.0005,19,19,-1,-1,1,-1,0,0,8,1,3,7,0,1,-1,-4.92995,3,4,1,-0.0117153,-0.317207,0.0123486,-0.151055,0.105008
80,0.95,0.95,192,32.1061,11,11,-1,-1,1,-1,1,1,8,3,1,5,0,1,-1,-4.92925,0,1,1,-0.0753322,0.0179916,0.0896691,0.0434316,0.171854
80,0.95,0.95,193,32.1433,13,13,-1,-1,1,-1,1,0,8,3,1,5,0,1,-1,-4.9404,1,1,1,0.187355,-0.0463714,0.0371017,0.0905757,-0.103872
80,0.95,0.95,194,32.1563,14,14,-1,-1,1,-1,1,0,8,0,4,8,0,1,-1,-5.17935,4,3,1,0.0999625,0.138976,0.231423,-0.0650955,-0.105385
80,0.95,0.95,195,32.2047,8,8,-1,-1,1,-1,0,1,8,4,2,4,0,1,-1,-4.77262,1,2,1,-0.013502,0.00453818,0.015196,0.193644,-0.0624857
80,0.95,0.95,196,32.2336,21,21,-1,-1,1,-1,0,0,8,3,4,5,0,1,-1,-4.76125,1,2,1,-0.0062971,0.0978008,0.015196,0.0864095,-0.0624857
80,0.95,0.95,197,32.2752,23,23,-1,-1,1,-1,0,0,8,4,3,4,0,1,-1,-4.89664,1,1,1,0.0787592,0.017209,0.185883,-0.0637896,0.0588833
80,0.95,0.95,198,32.2839,1,1,-1,-1,1,-1,0,1,8,2,2,6,0,1,-1,-4.94941,2,3,1,0.00773111,-0.111578,0.00242818,0.125381,0.129955
80,0.95,0.95,199,32.3393,4,4,-1,-1,1,-1,1,1,8,5,3,3,0,1,-1,-5.00962,0,0,1,0.121941,0.0233351,0.0201277,0.0414855,0.0114315
80,0.95,0.95,200,32.3417,2,2,-1,-1,1,-1,1,1,8,4,2,4,0,1,-1,-4.75917,0,0,1,-0.0275176,-0.17187,0.115017,0.0156566,-0.0404695
80,0.95,0.95,201,32.3625,18,18,-1,-1,1,-1,0,0,8,4,2,4,0,1,-1,-4.79074,1,2,1,0.0919132,0.0637911,0.015196,0.157555,0.0302439
80,0.95,0.95,202,32.491,3,3,-1,-1,1,-1,1,0,8,4,0,4,0,1,-1,-5.03464,0,0,1,0.00773111,-0.124425,-0.050212,0.254553,0.0824751
80,0.95,0.95,203,32.5365,9,9,-1,-1,1,-1,1,0,8,6,0,2,0,1,-1,-4.87788,0,0,1,-0.121876,0.0492788,0.179296,0.0324462,0.0578107
80,0.95,0.95,204,32.6293,16,16,-1,-1,1,-1,0,0,8,2,6,6,0,1,-1,-5.17133,4,1,1,-0.0674096,-0.0670277,-0.0591196,-0.00643656,0.0395433
80,0.95,0.95,205,32.6633,20,20,-1,-1,1,-1,0,0,8,5,2,3,0,1,-1,-5.0579,1,1,1,-0.074198,-0.0227908,0.111105,0.0976124,0.193118
80,0.95,0.95,206,32.8471,17,17,-1,-1,1,-1,1,0,8,2,3,6,0,1,-1,-5.05864,2,0,1,0.219046,-0.0600781,0.117689,-0.139411,0.00352351
80,0.95,0.95,207,32.9187,10,10,-1,-1,1,-1,1,1,8,4,3,4,0,1,-1,-4.77564,0,0,1,0.0714128,0.146228,0.109768,0.0892061,0.0624405
80,0.95,0.95,208,32.9462,12,12,-1,-1,1,-1,0,0,8,3,3,5,0,1,-1,-5.00962,3,0,1,0.114117,-0.0998236,0.0972708,-0.0747212,0.103038
80,0.95,0.95,209,32.9778,5,5,-1,-1,1,-1,1,1,8,2,3,6,0,1,-1,-4.61016,1,1,1,0.0691281,0.0179916,0.0896691,-0.0102533,0.160903
80,0.95,0.95,210,36.0005,19,19,-1,-1,1,-1,0,1,9,1,3,8,0,1,-1,-4.92995,3,5,1,-0.0117153,-0.317207,0.0123486,-0.151055,0.105008
80,0.95,0.95,211,36.1061,11,11,-1,-1,1,-1,1,1,9,4,1,5,0,1,-1,-4.92925,0,0,1,-0.0753322,0.0179916,0.0896691,0.0434316,0.171854
80,0.95,0.95,212,36.1433,13,13,-1,-1,1,-1,0,0,9,4,1,5,0,1,-1,-4.9404,1,2,1,0.187355,-0.0463714,0.0371017,0.0905757,-0.103872
80,0.95,0.95,213,36.1563,14,14,-1,-1,1,-1,0,0,9,1,4,8,0,1,-1,-5.17935,4,4,1,0.0999625,0.138976,0.231423,-0.0650955,-0.105385
80,0.95,0.95,214,36.2047,8,8,-1,-1,1,-1,1,1,9,4,3,5,0,1,-1,-4.77262,1,1,1,-0.013502,0.00453818,0.015196,0.193644,-0.0624857
80,0.95,0.95,215,36.2336,21,21,-1,-1,1,-1,0,0,9,3,4,6,0,1,-1,-4.76125,2,2,1,-0.0062971,0.0978008,0.015196,0.0864095,-0.0624857
80,0.95,0.95,216,36.2752,23,23,-1,-1,1,-1,0,1,9,4,3,5,0,1,-1,-4.89664,2,1,1,0.0787592,0.017209,0.185883,-0.0637896,0.0588833
80,0.95,0.95,217,36.2839,1,1,-1,-1,1,-1,1,1,9,2,3,7,0,1,-1,-4.94941,1,3,1,0.00773111,-0.111578,0.00242818,0.125381,0.129955
80,0.95,0.95,218,36.3393,4,4,-1,-1,1,-1,1,1,9,6,3,3,0,1,-1,-5.00962,0,0,1,0.121941,0.0233351,0.0201277,0.0414855,0.0114315
80,0.95,0.95,219,36.3417,2,2,-1,-1,1,-1,1,1,9,5,2,4,0,1,-1,-4.75917,0,0,1,-0.0275176,-0.17187,0.115017,0.0156566,-0.0404695
80,0.95,0.95,220,36.3625,18,18,-1,-1,1,-1,0,0,9,4,2,5,0,1,-1,-4.79074,1,3,1,0.0919132,0.0637911,0.015196,0.157555,0.0302439
80,0.95,0.95,221,36.491,3,3,-1,-1,1,-1,0,1,9,5,0,4,0,1,-1,-5.03464,1,0,1,0.00773111,-0.124425,-0.050212,0.254553,0.0824751
80,0.95,0.95,222,36.5365,9,9,-1,-1,1,-1,0,0,9,7,0,2,0,1,-1,-4.87788,1,0,1,-0.121876,0.0492788,0.179296,0.0324462,0.0578107
80,0.95,0.95,223,36.6293,16,16,-1,-1,1,-1,0,0,9,2,6,7,0,1,-1,-5.17133,4,2,1,-0.0674096,-0.0670277,-0.0591196,-0.00643656,0.0395433
80,0.95,0.95,224,36.6633,20,20,-1,-1,1,-1,0,1,9,5,2,4,0,1,-1,-5.0579,2,1,1,-0.074198,-0.0227908,0.111105,0.0976124,0.193118
80,0.95,0.95,225,36.8471,17,17,-1,-1,1,-1,0,1,9,3,3,6,0,1,-1,-5.05864,2,1,1,0.219046,-0.0600781,0.117689,-0.139411,0.00352351
80,0.95,0.95,226,36.9187,10,10,-1,-1,1,-1,1,0,9,5,3,4,0,1,-1,-4.77564,0,0,1,0.0714128,0.146228,0.109768,0.0892061,0.0624405
80,0.95,0.95,227,36.9462,12,12,-1,-1,1,-1,0,1,9,3,4,6,0,1,-1,-5.00962,4,0,1,0.114117,-0.0998236,0.0972708,-0.0747212,0.103038
80,0.95,0.95,228,36.9778,5,5,-1,-1,1,-1,1,1,9,3,3,6,0,1,-1,-4.61016,0,1,1,0.0691281,0.0179916,0.0896691,-0.0102533,0.160903
80,0.95,0.95,229,40.0005,19,19,-1,-1,1,-1,1,0,10,1,3,9,0,1,-1,-4.92995,3,4,1,-0.0117153,-0.317207,0.0123486,-0.151055,0.105008
80,0.95,0.95,230,40.1061,11,11,-1,-1,1,-1,1,0,10,5,1,5,0,1,-1,-4.92925,0,0,1,-0.0753322,0.0179916,0.0896691,0.0434316,0.171854
80,0.95,0.95,231,40.1433,13,13,-1,-1,1,-1,0,1,10,4,1,6,0,1,-1,-4.9404,2,2,1,0.187355,-0.0463714,0.0371017,0.0905757,-0.103872
80,0.95,0.95,232,40.1563,14,14,-1,-1,1,-1,0,0,10,1,4,9,0,1,-1,-5.17935,5,4,1,0.0999625,0.138976,0.231423,-0.0650955,-0.105385
80,0.95,0.95,233,40.2047,8,8,-1,-1,1,-1,1,1,10,5,3,5,0,1,-1,-4.77262,0,1,1,-0.013502,0.00453818,0.015196,0.193644,-0.0624857
80,0.95,0.95,234,40.2336,21,21,-1,-1,1,-1,0,1,10,3,5,7,0,1,-1,-4.76125,3,2,1,-0.0062971,0.0978008,0.015196,0.0864095,-0.0624857
80,0.95,0.95,235,40.2752,23,23,-1,-1,1,-1,1,1,10,4,4,6,0,1,-1,-4.89664,1,1,1,0.0787592,0.017209,0.185883,-0.0637896,0.0588833
80,0.95,0.95,236,40.2839,1,1,-1,-1,1,-1,1,1,10,3,3,7,0,1,-1,-4.94941,1,2,1,0.00773111,-0.111578,0.00242818,0.125381,0.129955
80,0.95,0.95,237,40.3393,4,4,-1,-1,1,-1,1,0,10,7,3,3,0,1,-1,-5.00962,0,0,1,0.121941,0.0233351,0.0201277,0.0414855,0.0114315
80,0.95,0.95,238,40.3417,2,2,-1,-1,1,-1,1,0,10,6,2,4,0,1,-1,-4.75917,0,0,1,-0.0275176,-0.17187,0.115017,0.0156566,-0.0404695
80,0.95,0.95,239,40.3625,18,18,-1,-1,1,-1,0,0,10,4,2,6,0,1,-1,-4.79074,2,3,1,0.0919132,0.0637911,0.015196,0.157555,0.0302439
80,0.95,0.95,240,40.491,3,3,-1,-1,1,-1,1,0,10,5,1,5,0,1,-1,-5.03464,0,0,1,0.00773111,-0.124425,-0.050212,0.254553,0.0824751
80,0.95,0.95,241,40.5365,9,9,-1,-1,1,-1,0,1,10,7,1,3,0,1,-1,-4.87788,2,0,1,-0.121876,0.0492788,0.179296,0.0324462,0.0578107
80,0.95,0.95,242,40.6293,16,16,-1,-1,1,-1,0,0,10,2,6,8,0,1,-1,-5.17133,5,2,1,-0.0674096,-0.0670277,-0.0591196,-0.00643656,0.0395433
80,0.95,0.95,243,40.6633,20,20,-1,-1,1,-1,1,1,10,5,3,5,0,1,-1,-5.0579,2,0,1,-0.074198,-0.0227908,0.111105,0.0976124,0.193118
80,0.95,0.95,244,40.8471,17,17,-1,-1,1,-1,1,0,10,3,3,7,0,1,-1,-5.05864,2,0,1,0.219046,-0.0600781,0.117689,-0.139411,0.00352351
80,0.95,0.95,245,40.9187,10,10,-1,-1,1,-1,0,0,10,6,3,4,0,1,-1,-4.77564,1,0,1,0.0714128,0.146228,0.109768,0.0892061,0.0624405
80,0.95,0.95,246,40.9462,12,12,-1,-1,1,-1,1,1,10,3,5,7,0,1,-1,-5.00962,3,0,1,0.114117,-0.0998236,0.0972708,-0.0747212,0.103038
80,0.95,0.95,247,40.9778,5,5,-1,-1,1,-1,1,0,10,4,3,6,0,1,-1,-4.61016,0,0,1,0.0691281,0.0179916,0.0896691,-0.0102533,0.160903
80,0.95,0.95,248,44.0005,19,19,-1,-1,1,-1,0,0,11,2,3,9,0,1,-1,-4.92995,3,5,1,-0.0117153,-0.317207,0.0123486,-0.151055,0.105008
80,0.95,0.95,249,44.1061,11,11,-1,-1,1,-1,0,1,11,6,1,5,0,1,-1,-4.92925,1,0,1,-0.0753322,0.0179916,0.0896691,0.0434316,0.171854
80,0.95,0.95,250,44.1433,13,13,-1,-1,1,-1,1,0,11,4,2,7,0,1,-1,-4.9404,2,1,1,0.187355,-0.0463714,0.0371017,0.0905757,-0.103872
80,0.95,0.95,251,44.1563,14,14,-1,-1,1,-1,0,0,11,1,5,10,0,1,-1,-5.17935,5,5,1,0.0999625,0.138976,0.231423,-0.0650955,-0.105385
80,0.95,0.95,252,44.2047,8,8,-1,-1,1,-1,1,1,11,6,3,5,0,1,-1,-4.77262,0,0,1,-0.013502,0.00453818,0.015196,0.193644,-0.0624857
80,0.95,0.95,253,44.2336,21,21,-1,-1,1,-1,1,1,11,3,6,8,0,1,-1,-4.76125,2,2,1,-0.0062971,0.0978008,0.015196,0.0864095,-0.0624857
80,0.95,0.95,254,44.2752,23,23,-1,-1,1,-1,1,0,11,5,4,6,0,1,-1,-4.89664,0,1,1,0.0787592,0.017209,0.185883,-0.0637896,0.0588833
80,0.95,0.95,255,44.2839,1,1,-1,-1,1,-1,1,0,11,4,3,7,0,1,-1,-4.94941,1,1,1,0.00773111,-0.111578,0.00242818,0.125381,0.129955
80,0.95,0.95,256,44.3393,4,4,-1,-1,1,-1,0,1,11,8,3,3,0,1,-1,-5.00962,1,0,1,0.121941,0.0233351,0.0201277,0.0414855,0.0114315
80,0.95,0.95,257,44.3417,2,2,-1,-1,1,-1,0,1,11,7,2,4,0,1,-1,-4.75917,0,1,1,-0.0275176,-0.17187,0.115017,0.0156566,-0.0404695
80,0.95,0.95,258,44.3625,18,18,-1,-1,1,-1,0,1,11,4,3,7,0,1,-1,-4.79074,3,3,1,0.0919132,0.0637911,0.015196,0.157555,0.0302439
80,0.95,0.95,259,44.491,3,3,-1,-1,1,-1,0,0,11,6,1,5,0,1,-1,-5.03464,1,0,1,0.00773111,-0.124425,-0.050212,0.254553,0.0824751
80,0.95,0.95,260,44.5365,9,9,-1,-1,1,-1,1,1,11,7,2,4,0,1,-1,-4.87788,1,0,1,-0.121876,0.0492788,0.179296,0.0324462,0.0578107
80,0.95,0.95,261,44.6293,16,16,-1,-1,1,-1,0,1,11,2,7,9,0,1,-1,-5.17133,5,3,1,-0.0674096,-0.0670277,-0.0591196,-0.00643656,0.0395433
80,0.95,0.95,262,44.6633,20,20,-1,-1,1,-1,1,0,11,6,3,5,0,1,-1,-5.0579,1,0,1,-0.074198,-0.0227908,0.111105,0.0976124,0.193118
80,0.95,0.95,263,44.8471,17,17,-1,-1,1,-1,0,0,11,4,3,7,0,1,-1,-5.05864,3,0,1,0.219046,-0.0600781,0.117689,-0.139411,0.00352351
80,0.95,0.95,264,44.9187,10,10,-1,-1,1,-1,0,1,11,6,4,5,0,1,-1,-4.77564,2,0,1,0.0714128,0.146228,0.109768,0.0892061,0.0624405
80,0.95,0.95,265,44.9462,12,12,-1,-1,1,-1,1,1,11,4,5,7,0,1,-1,-5.00962,2,0,1,0.114117,-0.0998236,0.0972708,-0.0747212,0.103038
80,0.95,0.95,266,44.9778,5,5,-1,-1,1,-1,0,1,11,5,3,6,0,1,-1,-4.61016,1,0,1,0.0691281,0.0179916,0.0896691,-0.0102533,0.160903
80,0.95,0.95,267,48.0005,19,19,-1,-1,1,-1,0,1,12,2,3,10,0,1,-1,-4.92995,3,6,1,-0.0117153,-0.317207,0.0123486,-0.151055,0.105008
80,0.95,0.95,268,48.1061,11,11,-1,-1,1,-1,1,0,12,6,2,6,0,1,-1,-4.92925,0,0,1,-0.0753322,0.0179916,0.0896691,0.0434316,0.171854
80,0.95,0.95,269,48.1433,13,13,-1,-1,1,-1,0,1,12,5,2,7,0,1,-1,-4.9404,2,2,1,0.187355,-0.0463714,0.0371017,0.0905757,-0.103872
80,0.95,0.95,270,48.1563,14,14,-1,-1,1,-1,0,1,12,1,5,11,0,1,-1,-5.17935,6,5,1,0.0999625,0.138976,0.231423,-0.0650955,-0.105385
80,0.95,0.95,271,48.2047,8,8,-1,-1,1,-1,1,0,12,7,3,5,0,1,-1,-4.77262,0,0,1,-0.013502,0.00453818,0.015196,0.193644,-0.0624857
80,0.95,0.95,272,48.2336,21,21,-1,-1,1,-1,1,0,12,4,6,8,0,1,-1,-4.76125,2,1,1,-0.0062971,0.0978008,0.015196,0.0864095,-0.0624857
80,0.95,0.95,273,48.2752,23,23,-1,-1,1,-1,0,1,12,6,4,6,0,1,-1,-4.89664,0,2,1,0.0787592,0.017209,0.185883,-0.0637896,0.0588833
80,0.95,0.95,274,48.2839,1,1,-1,-1,1,-1,0,0,12,5,3,7,0,1,-1,-4.94941,2,1,1,0.00773111,-0.111578,0.00242818,0.125381,0.129955
80,0.95,0.95,275,48.3393,4,4,-1,-1,1,-1,1,1,12,8,4,4,0,1,-1,-5.00962,0,0,1,0.121941,0.0233351,0.0201277,0.0414855,0.0114315
80,0.95,0.95,276,48.3417,2,2,-1,-1,1,-1,1,0,12,7,2,5,0,1,-1,-4.75917,0,0,1,-0.0275176,-0.17187,0.115017,0.0156566,-0.0404695
80,0.95,0.95,277,48.3625,18,18,-1,-1,1,-1,1,0,12,4,4,8,0,1,-1,-4.79074,3,2,1,0.0919132,0.0637911,0.015196,0.157555,0.0302439
80,0.95,0.95,278,48.491,3,3,-1,-1,1,-1,0,1,12,6,2,6,0,1,-1,-5.03464,2,0,1,0.00773111,-0.124425,-0.050212,0.254553,0.0824751
80,0.95,0.95,279,48.5365,9,9,-1,-1,1,-1,1,0,12,8,2,4,0,1,-1,-4.87788,0,0,1,-0.121876,0.0492788,0.179296,0.0324462,0.0578107
80,0.95,0.95,280,48.6293,16,16,-1,-1,1,-1,1,1,12,2,7,10,0,1,-1,-5.17133,5,2,1,-0.0674096,-0.0670277,-0.0591196,-0.00643656,0.0395433
80,0.95,0.95,281,48.6633,20,20,-1,-1,1,-1,0,1,12,7,3,5,0,1,-1,-5.0579,1,1,1,-0.074198,-0.0227908,0.111105,0.0976124,0.193118
80,0.95,0.95,282,48.8471,17,17,-1,-1,1,-1,0,1,12,4,4,8,0,1,-1,-5.05864,4,0,1,0.219046,-0.0600781,0.117689,-0.139411,0.00352351
80,0.95,0.95,283,48.9187,10,10,-1,-1,1,-1,1,0,12,6,5,6,0,1,-1,-4.77564,1,0,1,0.0714128,0.146228,0.109768,0.0892061,0.0624405
80,0.95,0.95,284,48.9462,12,12,-1,-1,1,-1,1,1,12,5,5,7,0,1,-1,-5.00962,1,0,1,0.114117,-0.0998236,0.0972708,-0.0747212,0.103038
80,0.95,0.95,285,48.9778,5,5,-1,-1,1,-1,1,0,12,5,4,7,0,1,-1,-4.61016,0,0,1,0.0691281,0.0179916,0.0896691,-0.0102533,0.160903
80,0.95,0.95,286,52.0005,19,19,-1,-1,1,-1,1,0,13,2,3,11,0,1,-1,-4.92995,3,5,1,-0.0117153,-0.317207,0.0123486,-0.151055,0.105008
80,0.95,0.95,287,52.1061,11,11,-1,-1,1,-1,0,0,13,7,2,6,0,1,-1,-4.92925,0,1,1,-0.0753322,0.0179916,0.0896691,0.0434316,0.171854
80,0.95,0.95,288,52.1433,13,13,-1,-1,1,-1,1,0,13,5,2,8,0,1,-1,-4.9404,2,1,1,0.187355,-0.0463714,0.0371017,0.0905757,-0.103872
80,0.95,0.95,289,52.1563,14,14,-1,-1,1,-1,1,0,13,1,6,12,0,1,-1,-5.17935,6,4,1,0.0999625,0.138976,0.231423,-0.0650955,-0.105385
80,0.95,0.95,290,52.2047,8,8,-1,-1,1,-1,0,1,13,8,3,5,0,1,-1,-4.77262,0,1,1,-0.013502,0.00453818,0.015196,0.193644,-0.0624857
80,0.95,0.95,291,52.2336,21,21,-1,-1,1,-1,0,0,13,5,6,8,0,1,-1,-4.76125,2,2,1,-0.0062971,0.0978008,0.015196,0.0864095,-0.0624857
80,0.95,0.95,292,52.2752,23,23,-1,-1,1,-1,1,0,13,6,4,7,0,1,-1,-4.89664,0,1,1,0.0787592,0.017209,0.185883,-0.0637896,0.0588833
80,0.95,0.95,293,52.2839,1,1,-1,-1,1,-1,0,1,13,5,4,8,0,1,-1,-4.94941,3,1,1,0.00773111,-0.111578,0.00242818,0.125381,0.129955
80,0.95,0.95,294,52.3393,4,4,-1,-1,1,-1,1,0,13,9,4,4,0,1,-1,-5.00962,0,0,1,0.121941,0.0233351,0.0201277,0.0414855,0.0114315
80,0.95,0.95,295,52.3417,2,2,-1,-1,1,-1,0,0,13,8,2,5,0,1,-1,-4.75917,0,1,1,-0.0275176,-0.17187,0.115017,0.0156566,-0.0404695
80,0.95,0.95,296,52.3625,18,18,-1,-1,1,-1,0,1,13,5,4,8,0,1,-1,-4.79074,3,3,1,0.0919132,0.0637911,0.015196,0.157555,0.0302439
80,0.95,0.95,297,52.491,3,3,-1,-1,1,-1,1,1,13,6,3,7,0,1,-1,-5.03464,1,0,1,0.00773111,-0.124425,-0.050212,0.254553,0.0824751
80,0.95,0.95,298,52.5365,9,9,-1,-1,1,-1,0,0,13,9,2,4,0,1,-1,-4.87788,0,1,1,-0.121876,0.0492788,0.179296,0.0324462,0.0578107
80,0.95,0.95,299,52.6293,16,16,-1,-1,1,-1,1,0,13,3,7,10,0,1,-1,-5.17133,4,2,1,-0.0674096,-0.0670277,-0.0591196,-0.00643656,0.0395433
80,0.95,0.95,300,52.6633,20,20,-1,-1,1,-1,1,1,13,7,3,6,0,1,-1,-5.0579,1,0,1,-0.074198,-0.0227908,0.111105,0.0976124,0.193118
80,0.95,0.95,301,52.8471,17,17,-1,-1,1,-1,1,1,13,4,5,9,0,1,-1,-5.05864,3,0,1,0.219046,-0.0600781,0.117689,-0.139411,0.00352351
80,0.95,0.95,302,52.9187,10,10,-1,-1,1,-1,0,0,13,7,5,6,0,1,-1,-4.77564,2,0,1,0.0714128,0.146228,0.109768,0.0892061,0.0624405
80,0.95,0.95,303,52.9462,12,12,-1,-1,1,-1,1,0,13,6,5,7,0,1,-1,-5.00962,0,0,1,0.114117,-0.0998236,0.0972708,-0.0747212,0.103038
80,0.95,0.95,304,52.9778,5,5,-1,-1,1,-1,0,0,13,6,4,7,0,1,-1,-4.61016,1,0,1,0.0691281,0.0179916,0.0896691,-0.0102533,0.160903
80,0.95,0.95,305,54.2839,1,1,-1,-1,1,-1,1,1,14,5,5,9,0,0,54.2839,-4.94941,3,1,0,0.00773111,-0.111578,0.00242818,0.125381,0.129955
80,0.95,0.95,306,54.9462,12,12,-1,-1,1,-1,0,0,14,7,5,7,0,0,54.9462,-5.00962,0,0,0,0.114117,-0.0998236,0.0972708,-0.0747212,0.103038
80,0.95,0.95,307,56.0005,19,19,-1,-1,1,-1,0,1,14,3,3,11,0,1,-1,-4.92995,3,6,1,-0.0117153,-0.317207,0.0123486,-0.151055,0.105008
80,0.95,0.95,308,56.1061,11,11,-1,-1,1,-1,0,1,14,7,2,7,0,1,-1,-4.92925,0,2,1,-0.0753322,0.0179916,0.0896691,0.0434316,0.171854
80,0.95,0.95,309,56.1433,13,13,-1,-1,1,-1,0,1,14,6,2,8,0,1,-1,-4.9404,3,1,1,0.187355,-0.0463714,0.0371017,0.0905757,-0.103872
80,0.95,0.95,310,56.1563,14,14,-1,-1,1,-1,0,1,14,2,6,12,0,1,-1,-5.17935,6,5,1,0.0999625,0.138976,0.231423,-0.0650955,-0.105385
80,0.95,0.95,311,56.2047,8,8,-1,-1,1,-1,1,0,14,8,3,6,0,1,-1,-4.77262,0,0,1,-0.013502,0.00453818,0.015196,0.193644,-0.0624857
80,0.95,0.95,312,56.2336,21,21,-1,-1,1,-1,0,1,14,5,6,9,0,1,-1,-4.76125,3,2,1,-0.0062971,0.0978008,0.015196,0.0864095,-0.0624857
80,0.95,0.95,313,56.2752,23,23,-1,-1,1,-1,0,0,14,7,4,7,0,1,-1,-4.89664,1,1,1,0.0787592,0.017209,0.185883,-0.0637896,0.0588833
80,0.95,0.95,314,56.3393,4,4,-1,-1,1,-1,0,1,14,10,4,4,0,1,-1,-5.00962,1,0,1,0.121941,0.0233351,0.0201277,0.0414855,0.0114315
80,0.95,0.95,315,56.3417,2,2,-1,-1,1,-1,0,1,14,8,2,6,0,1,-1,-4.75917,1,1,1,-0.0275176,-0.17187,0.115017,0.0156566,-0.0404695
80,0.95,0.95,316,56.3625,18,18,-1,-1,1,-1,1,0,14,5,4,9,0,1,-1,-4.79074,3,2,1,0.0919132,0.0637911,0.015196,0.157555,0.0302439
80,0.95,0.95,317,56.491,3,3,-1,-1,1,-1,1,1,14,7,3,7,0,1,-1,-5.03464,0,0,1,0.00773111,-0.124425,-0.050212,0.254553,0.0824751
80,0.95,0.95,318,56.5365,9,9,-1,-1,1,-1,0,0,14,9,2,5,0,1,-1,-4.87788,0,2,1,-0.121876,0.0492788,0.179296,0.0324462,0.0578107
80,0.95,0.95,319,56.6293,16,16,-1,-1,1,-1,0,0,14,4,7,10,0,1,-1,-5.17133,5,2,1,-0.0674096,-0.0670277,-0.0591196,-0.00643656,0.0395433
80,0.95,0.95,320,56.6633,20,20,-1,-1,1,-1,1,0,14,8,3,6,0,1,-1,-5.0579,0,0,1,-0.074198,-0.0227908,0.111105,0.0976124,0.193118
80,0.95,0.95,321,56.8471,17,17,-1,-1,1,-1,1,0,14,5,5,9,0,1,-1,-5.05864,2,0,1,0.219046,-0.0600781,0.117689,-0.139411,0.00352351
80,0.95,0.95,322,56.9187,10,10,-1,-1,1,-1,0,0,14,7,6,7,0,1,-1,-4.77564,2,1,1,0.0714128,0.146228,0.109768,0.0892061,0.0624405
80,0.95,0.95,323,56.9778,5,5,-1,-1,1,-1,0,0,14,6,5,8,0,1,-1,-4.61016,1,1,1,0.0691281,0.0179916,0.0896691,-0.0102533,0.160903
80,0.95,0.95,324,58.3393,4,4,-1,-1,1,-1,1,1,15,10,5,5,0,0,58.3393,-5.00962,1,0,0,0.121941,0.0233351,0.0201277,0.0414855,0.0114315
80,0.95,0.95,325,60.0005,19,19,-1,-1,1,-1,1,0,15,3,3,12,0,1,-1,-4.92995,3,5,1,-0.0117153,-0.317207,0.0123486,-0.151055,0.105008
80,0.95,0.95,326,60.1061,11,11,-1,-1,1,-1,1,0,15,7,2,8,0,1,-1,-4.92925,0,1,1,-0.0753322,0.0179916,0.0896691,0.0434316,0.171854
80,0.95,0.95,327,60.1433,13,13,-1,-1,1,-1,1,0,15,6,3,9,0,1,-1,-4.9404,2,0,1,0.187355,-0.0463714,0.0371017,0.0905757,-0.103872
80,0.95,0.95,328,60.1563,14,14,-1,-1,1,-1,1,0,15,2,6,13,0,1,-1,-5.17935,6,4,1,0.0999625,0.138976,0.231423,-0.0650955,-0.105385
80,0.95,0.95,329,60.2047,8,8,-1,-1,1,-1,0,1,15,9,3,6,0,1,-1,-4.77262,1,0,1,-0.013502,0.00453818,0.015196,0.193644,-0.0624857
80,0.95,0.95,330,60.2336,21,21,-1,-1,1,-1,1,1,15,5,7,10,0,1,-1,-4.76125,3,1,1,-0.0062971,0.0978008,0.015196,0.0864095,-0.0624857
80,0.95,0.95,331,60.2752,23,23,-1,-1,1,-1,0,0,15,7,5,8,0,1,-1,-4.89664,2,1,1,0.0787592,0.017209,0.185883,-0.0637896,0.0588833
80,0.95,0.95,332,60.3417,2,2,-1,-1,1,-1,1,1,15,8,3,7,0,1,-1,-4.75917,1,0,1,-0.0275176,-0.17187,0.115017,0.0156566,-0.0404695
80,0.95,0.95,333,60.3625,18,18,-1,-1,1,-1,0,1,15,6,4,9,0,1,-1,-4.79074,3,3,1,0.0919132,0.0637911,0.015196,0.157555,0.0302439
80,0.95,0.95,334,60.491,3,3,-1,-1,1,-1,1,1,15,8,3,7,0,1,-1,-5.03464,0,0,1,0.00773111,-0.124425,-0.050212,0.254553,0.0824751
80,0.95,0.95,335,60.5365,9,9,-1,-1,1,-1,0,0,15,9,2,6,0,1,-1,-4.87788,1,2,1,-0.121876,0.0492788,0.179296,0.0324462,0.0578107
80,0.95,0.95,336,60.6293,16,16,-1,-1,1,-1,0,1,15,4,8,11,0,1,-1,-5.17133,6,2,1,-0.0674096,-0.0670277,-0.0591196,-0.00643656,0.0395433
80,0.95,0.95,337,60.6633,20,20,-1,-1,1,-1,0,1,15,9,3,6,0,1,-1,-5.0579,1,0,1,-0.074198,-0.0227908,0.111105,0.0976124,0.193118
80,0.95,0.95,338,60.8471,17,17,-1,-1,1,-1,0,0,15,6,5,9,0,1,-1,-5.05864,3,0,1,0.219046,-0.0600781,0.117689,-0.139411,0.00352351
80,0.95,0.95,339,60.9187,10,10,-1,-1,1,-1,0,1,15,7,6,8,0,1,-1,-4.77564,2,2,1,0.0714128,0.146228,0.109768,0.0892061,0.0624405
80,0.95,0.95,340,60.9778,5,5,-1,-1,1,-1,0,0,15,6,5,9,0,1,-1,-4.61016,1,2,1,0.0691281,0.0179916,0.0896691,-0.0102533,0.160903
80,0.95,0.95,341,62.1061,11,11,-1,-1,1,-1,0,0,16,8,2,8,0,0,62.1061,-4.92925,0,1,0,-0.0753322,0.0179916,0.0896691,0.0434316,0.171854
80,0.95,0.95,342,64.0005,19,19,-1,-1,1,-1,0,0,16,4,3,12,0,1,-1,-4.92995,3,6,1,-0.0117153,-0.317207,0.0123486,-0.151055,0.105008
80,0.95,0.95,343,64.1433,13,13,-1,-1,1,-1,0,0,16,7,3,9,0,1,-1,-4.9404,3,0,1,0.187355,-0.0463714,0.0371017,0.0905757,-0.103872
80,0.95,0.95,344,64.1563,14,14,-1,-1,1,-1,0,1,16,3,6,13,0,1,-1,-5.17935,7,4,1,0.0999625,0.138976,0.231423,-0.0650955,-0.105385
80,0.95,0.95,345,64.2047,8,8,-1,-1,1,-1,1,1,16,9,4,7,0,1,-1,-4.77262,0,0,1,-0.013502,0.00453818,0.015196,0.193644,-0.0624857
80,0.95,0.95,346,64.2336,21,21,-1,-1,1,-1,1,0,16,6,7,10,0,1,-1,-4.76125,2,1,1,-0.0062971,0.0978008,0.015196,0.0864095,-0.0624857
80,0.95,0.95,347,64.2752,23,23,-1,-1,1,-1,0,1,16,7,6,9,0,1,-1,-4.89664,2,2,1,0.0787592,0.017209,0.185883,-0.0637896,0.0588833
80,0.95,0.95,348,64.3417,2,2,-1,-1,1,-1,1,0,16,9,3,7,0,1,-1,-4.75917,0,0,1,-0.0275176,-0.17187,0.115017,0.0156566,-0.0404695
80,0.95,0.95,349,64.3625,18,18,-1,-1,1,-1,1,0,16,6,4,10,0,1,-1,-4.79074,2,2,1,0.0919132,0.0637911,0.015196,0.157555,0.0302439
80,0.95,0.95,350,64.491,3,3,-1,-1,1,-1,1,0,16,9,3,7,0,1,-1,-5.03464,0,0,1,0.00773111,-0.124425,-0.050212,0.254553,0.0824751
80,0.95,0.95,351,64.5365,9,9,-1,-1,1,-1,0,0,16,9,3,7,0,1,-1,-4.87788,1,3,1,-0.121876,0.0492788,0.179296,0.0324462,0.0578107
80,0.95,0.95,352,64.6293,16,16,-1,-1,1,-1,1,0,16,4,9,12,0,1,-1,-5.17133,5,2,1,-0.0674096,-0.0670277,-0.0591196,-0.00643656,0.0395433
80,0.95,0.95,353,64.6633,20,20,-1,-1,1,-1,1,0,16,9,4,7,0,1,-1,-5.0579,0,0,1,-0.074198,-0.0227908,0.111105,0.0976124,0.193118
80,0.95,0.95,354,64.8471,17,17,-1,-1,1,-1,0,1,16,6,6,10,0,1,-1,-5.05864,3,1,1,0.219046,-0.0600781,0.117689,-0.139411,0.00352351
80,0.95,0.95,355,64.9187,10,10,-1,-1,1,-1,1,1,16,7,6,9,0,1,-1,-4.77564,2,1,1,0.0714128,0.146228,0.109768,0.0892061,0.0624405
80,0.95,0.95,356,64.9778,5,5,-1,-1,1,-1,0,0,16,6,5,10,0,1,-1,-4.61016,2,2,1,0.0691281,0.0179916,0.0896691,-0.0102533,0.160903
80,0.95,0.95,357,66.8471,17,17,-1,-1,1,-1,1,1,17,6,6,11,0,0,66.8471,-5.05864,3,1,0,0.219046,-0.0600781,0.117689,-0.139411,0.00352351
80,0.95,0.95,358,68.0005,19,19,-1,-1,1,-1,0,0,17,4,3,13,0,1,-1,-4.92995,4,6,1,-0.0117153,-0.317207,0.0123486,-0.151055,0.105008
80,0.95,0.95,359,68.1433,13,13,-1,-1,1,-1,0,1,17,7,4,10,0,1,-1,-4.9404,4,0,1,0.187355,-0.0463714,0.0371017,0.0905757,-0.103872
80,0.95,0.95,360,68.1563,14,14,-1,-1,1,-1,1,1,17,3,7,14,0,1,-1,-5.17935,6,4,1,0.0999625,0.138976,0.231423,-0.0650955,-0.105385
80,0.95,0.95,361,68.2047,8,8,-1,-1,1,-1,1,1,17,10,4,7,0,1,-1,-4.77262,0,0,1,-0.013502,0.00453818,0.015196,0.193644,-0.0624857
80,0.95,0.95,362,68.2336,21,21,-1,-1,1,-1,0,0,17,7,7,10,0,1,-1,-4.76125,2,2,1,-0.0062971,0.0978008,0.015196,0.0864095,-0.0624857
80,0.95,0.95,363,68.2752,23,23,-1,-1,1,-1,1,1,17,7,6,10,0,1,-1,-4.89664,2,1,1,0.0787592,0.017209,0.185883,-0.0637896,0.0588833
80,0.95,0.95,364,68.3417,2,2,-1,-1,1,-1,0,1,17,10,3,7,0,1,-1,-4.75917,1,0,1,-0.0275176,-0.17187,0.115017,0.0156566,-0.0404695
80,0.95,0.95,365,68.3625,18,18,-1,-1,1,-1,0,0,17,7,4,10,0,1,-1,-4.79074,3,2,1,0.0919132,0.0637911,0.015196,0.157555,0.0302439
80,0.95,0.95,366,68.491,3,3,-1,-1,1,-1,0,1,17,10,3,7,0,1,-1,-5.03464,0,1,1,0.00773111,-0.124425,-0.050212,0.254553,0.0824751
80,0.95,0.95,367,68.5365,9,9,-1,-1,1,-1,0,1,17,9,3,8,0,1,-1,-4.87788,1,4,1,-0.121876,0.0492788,0.179296,0.0324462,0.0578107
80,0.95,0.95,368,68.6293,16,16,-1,-1,1,-1,0,1,17,5,9,12,0,1,-1,-5.17133,6,2,1,-0.0674096,-0.0670277,-0.0591196,-0.00643656,0.0395433
80,0.95,0.95,369,68.6633,20,20,-1,-1,1,-1,0,0,17,10,4,7,0,1,-1,-5.0579,0,1,1,-0.074198,-0.0227908,0.111105,0.0976124,0.193118
80,0.95,0.95,370,68.9187,10,10,-1,-1,1,-1,1,0,17,8,6,9,0,1,-1,-4.77564,2,0,1,0.0714128,0.146228,0.109768,0.0892061,0.0624405
80,0.95,0.95,371,68.9778,5,5,-1,-1,1,-1,0,0,17,6,6,11,0,1,-1,-4.61016,2,3,1,0.0691281,0.0179916,0.0896691,-0.0102533,0.160903
80,0.95,0.95,372,72.0005,19,19,-1,-1,1,-1,0,0,18,4,4,14,0,1,-1,-4.92995,5,6,1,-0.0117153,-0.317207,0.0123486,-0.151055,0.105008
80,0.95,0.95,373,72.1433,13,13,-1,-1,1,-1,1,0,18,7,5,11,0,1,-1,-4.9404,3,0,1,0.187355,-0.0463714,0.0371017,0.0905757,-0.103872
80,0.95,0.95,374,72.1563,14,14,-1,-1,1,-1,1,0,18,4,7,14,0,1,-1,-5.17935,6,3,1,0.0999625,0.138976,0.231423,-0.0650955,-0.105385
80,0.95,0.95,375,72.2047,8,8,-1,-1,1,-1,1,1,18,11,4,7,0,1,-1,-4.77262,0,0,1,-0.013502,0.00453818,0.015196,0.193644,-0.0624857
80,0.95,0.95,376,72.2336,21,21,-1,-1,1,-1,0,0,18,7,7,11,0,1,-1,-4.76125,2,3,1,-0.0062971,0.0978008,0.015196,0.0864095,-0.0624857
80,0.95,0.95,377,72.2752,23,23,-1,-1,1,-1,1,0,18,8,6,10,0,1,-1,-4.89664,1,1,1,0.0787592,0.017209,0.185883,-0.0637896,0.0588833
80,0.95,0.95,378,72.3417,2,2,-1,-1,1,-1,1,0,18,10,4,8,0,1,-1,-4.75917,0,0,1,-0.0275176,-0.17187,0.115017,0.0156566,-0.0404695
80,0.95,0.95,379,72.3625,18,18,-1,-1,1,-1,0,1,18,7,5,11,0,1,-1,-4.79074,3,3,1,0.0919132,0.0637911,0.015196,0.157555,0.0302439
80,0.95,0.95,380,72.491,3,3,-1,-1,1,-1,1,0,18,10,3,8,0,1,-1,-5.03464,0,0,1,0.00773111,-0.124425,-0.050212,0.254553,0.0824751
80,0.95,0.95,381,72.5365,9,9,-1,-1,1,-1,1,1,18,9,3,9,0,1,-1,-4.87788,0,4,1,-0.121876,0.0492788,0.179296,0.0324462,0.0578107
80,0.95,0.95,382,72.6293,16,16,-1,-1,1,-1,1,1,18,5,10,13,0,1,-1,-5.17133,4,2,1,-0.0674096,-0.0670277,-0.0591196,-0.00643656,0.0395433
80,0.95,0.95,383,72.6633,20,20,-1,-1,1,-1,0,1,18,10,4,8,0,1,-1,-5.0579,0,2,1,-0.074198,-0.0227908,0.111105,0.0976124,0.193118
80,0.95,0.95,384,72.9187,10,10,-1,-1,1,-1,0,0,18,9,6,9,0,1,-1,-4.77564,3,0,1,0.0714128,0.146228,0.109768,0.0892061,0.0624405
80,0.95,0.95,385,72.9778,5,5,-1,-1,1,-1,0,0,18,6,6,12,0,1,-1,-4.61016,2,4,1,0.0691281,0.0179916,0.0896691,-0.0102533,0.160903
80,0.95,0.95,386,74.2336,21,21,-1,-1,1,-1,0,0,19,7,7,12,0,0,74.2336,-4.76125,2,3,0,-0.0062971,0.0978008,0.015196,0.0864095,-0.0624857
80,0.95,0.95,387,74.3625,18,18,-1,-1,1,-1,1,1,19,7,5,12,0,0,74.3625,-4.79074,3,3,0,0.0919132,0.0637911,0.015196,0.157555,0.0302439
80,0.95,0.95,388,76.0005,19,19,-1,-1,1,-1,0,1,19,4,5,15,0,1,-1,-4.92995,5,7,1,-0.0117153,-0.317207,0.0123486,-0.151055,0.105008
80,0.95,0.95,389,76.1433,13,13,-1,-1,1,-1,0,0,19,8,5,11,0,1,-1,-4.9404,3,1,1,0.187355,-0.0463714,0.0371017,0.0905757,-0.103872
80,0.95,0.95,390,76.1563,14,14,-1,-1,1,-1,0,0,19,5,7,14,0,1,-1,-5.17935,7,3,1,0.0999625,0.138976,0.231423,-0.0650955,-0.105385
80,0.95,0.95,391,76.2047,8,8,-1,-1,1,-1,1,0,19,12,4,7,0,1,-1,-4.77262,0,0,1,-0.013502,0.00453818,0.015196,0.193644,-0.0624857
80,0.95,0.95,392,76.2752,23,23,-1,-1,1,-1,0,1,19,9,6,10,0,1,-1,-4.89664,1,2,1,0.0787592,0.017209,0.185883,-0.0637896,0.0588833
80,0.95,0.95,393,76.3417,2,2,-1,-1,1,-1,0,1,19,11,4,8,0,1,-1,-4.75917,1,0,1,-0.0275176,-0.17187,0.115017,0.0156566,-0.0404695
80,0.95,0.95,394,76.491,3,3,-1,-1,1,-1,0,1,19,11,3,8,0,1,-1,-5.03464,0,1,1,0.00773111,-0.124425,-0.050212,0.254553,0.0824751
80,0.95,0.95,395,76.5365,9,9,-1,-1,1,-1,1,1,19,10,3,9,0,1,-1,-4.87788,0,2,1,-0.121876,0.0492788,0.179296,0.0324462,0.0578107
80,0.95,0.95,396,76.6293,16,16,-1,-1,1,-1,1,0,19,6,10,13,0,1,-1,-5.17133,3,2,1,-0.0674096,-0.0670277,-0.0591196,-0.00643656,0.0395433
80,0.95,0.95,397,76.6633,20,20,-1,-1,1,-1,1,0,19,10,4,9,0,1,-1,-5.0579,0,1,1,-0.074198,-0.0227908,0.111105,0.0976124,0.193118
80,0.95,0.95,398,76.9187,10,10,-1,-1,1,-1,0,1,19,9,7,10,0,1,-1,-4.77564,3,1,1,0.0714128,0.146228,0.109768,0.0892061,0.0624405
80,0.95,0.95,399,76.9778,5,5,-1,-1,1,-1,0,0,19,6,6,13,0,1,-1,-4.61016,2,5,1,0.0691281,0.0179916,0.0896691,-0.0102533,0.160903
80,0.95,0.95,400,80.0005,19,19,-1,-1,1,-1,1,1,20,4,5,16,0,1,-1,-4.92995,4,7,1,-0.0117153,-0.317207,0.0123486,-0.151055,0.105008
80,0.95,0.95,401,80.1433,13,13,-1,-1,1,-1,0,0,20,8,5,12,0,1,-1,-4.9404,4,1,1,0.187355,-0.0463714,0.0371017,0.0905757,-0.103872
80,0.95,0.95,402,80.1563,14,14,-1,-1,1,-1,0,1,20,5,8,15,0,1,-1,-5.17935,8,3,1,0.0999625,0.138976,0.231423,-0.0650955,-0.105385
80,0.95,0.95,403,80.2047,8,8,-1,-1,1,-1,0,1,20,13,4,7,0,1,-1,-4.77262,1,0,1,-0.013502,0.00453818,0.015196,0.193644,-0.0624857
80,0.95,0.95,404,80.2752,23,23,-1,-1,1,-1,1,1,20,9,6,11,0,1,-1,-4.89664,0,2,1,0.0787592,0.017209,0.185883,-0.0637896,0.0588833
80,0.95,0.95,405,80.3417,2,2,-1,-1,1,-1,1,1,20,11,5,9,0,1,-1,-4.75917,0,0,1,-0.0275176,-0.17187,0.115017,0.0156566,-0.0404695
80,0.95,0.95,406,80.491,3,3,-1,-1,1,-1,1,0,20,11,3,9,0,1,-1,-5.03464,0,0,1,0.00773111,-0.124425,-0.050212,0.254553,0.0824751
80,0.95,0.95,407,80.5365,9,9,-1,-1,1,-1,1,0,20,11,3,9,0,1,-1,-4.87788,0,1,1,-0.121876,0.0492788,0.179296,0.0324462,0.0578107
80,0.95,0.95,408,80.6293,16,16,-1,-1,1,-1,0,1,20,7,10,13,0,1,-1,-5.17133,4,2,1,-0.0674096,-0.0670277,-0.0591196,-0.00643656,0.0395433
80,0.95,0.95,409,80.6633,20,20,-1,-1,1,-1,0,1,20,11,4,9,0,1,-1,-5.0579,0,2,1,-0.074198,-0.0227908,0.111105,0.0976124,0.193118
80,0.95,0.95,410,80.9187,10,10,-1,-1,1,-1,1,0,20,9,7,11,0,1,-1,-4.77564,2,1,1,0.0714128,0.146228,0.109768,0.0892061,0.0624405
80,0.95,0.95,411,80.9778,5,5,-1,-1,1,-1,0,0,20,6,6,14,0,1,-1,-4.61016,3,5,1,0.0691281,0.0179916,0.0896691,-0.0102533,0.160903
80,0.95,0.95,412,84.0005,19,19,-1,-1,1,-1,1,0,21,5,5,16,0,1,-1,-4.92995,3,5,1,-0.0117153,-0.317207,0.0123486,-0.151055,0.105008
80,0.95,0.95,413,84.1433,13,13,-1,-1,1,-1,0,0,21,8,6,13,0,1,-1,-4.9404,5,1,1,0.187355,-0.0463714,0.0371017,0.0905757,-0.103872
80,0.95,0.95,414,84.1563,14,14,-1,-1,1,-1,1,1,21,5,9,16,0,1,-1,-5.17935,5,1,1,0.0999625,0.138976,0.231423,-0.0650955,-0.105385
80,0.95,0.95,415,84.2047,8,8,-1,-1,1,-1,1,1,21,13,5,8,0,1,-1,-4.77262,0,0,1,-0.013502,0.00453818,0.015196,0.193644,-0.0624857
80,0.95,0.95,416,84.2752,23,23,-1,-1,1,-1,1,0,21,10,6,11,0,1,-1,-4.89664,0,0,1,0.0787592,0.017209,0.185883,-0.0637896,0.0588833
80,0.95,0.95,417,84.3417,2,2,-1,-1,1,-1,1,1,21,12,5,9,0,1,-1,-4.75917,0,0,1,-0.0275176,-0.17187,0.115017,0.0156566,-0.0404695
80,0.95,0.95,418,84.491,3,3,-1,-1,1,-1,0,0,21,12,3,9,0,1,-1,-5.03464,0,1,1,0.00773111,-0.124425,-0.050212,0.254553,0.0824751
80,0.95,0.95,419,84.5365,9,9,-1,-1,1,-1,0,1,21,12,3,9,0,1,-1,-4.87788,0,2,1,-0.121876,0.0492788,0.179296,0.0324462,0.0578107
80,0.95,0.95,420,84.6293,16,16,-1,-1,1,-1,1,1,21,7,11,14,0,1,-1,-5.17133,4,1,1,-0.0674096,-0.0670277,-0.0591196,-0.00643656,0.0395433
80,0.95,0.95,421,84.6633,20,20,-1,-1,1,-1,1,1,21,11,4,10,0,1,-1,-5.0579,0,1,1,-0.074198,-0.0227908,0.111105,0.0976124,0.193118
80,0.95,0.95,422,84.9187,10,10,-1,-1,1,-1,0,1,21,10,7,11,0,1,-1,-4.77564,3,1,1,0.0714128,0.146228,0.109768,0.0892061,0.0624405
80,0.95,0.95,423,84.9778,5,5,-1,-1,1,-1,0,0,21,6,7,15,0,1,-1,-4.61016,3,6,1,0.0691281,0.0179916,0.0896691,-0.0102533,0.160903
80,0.95,0.95,424,88.0005,19,19,-1,-1,1,-1,0,1,22,6,5,16,0,1,-1,-4.92995,3,6,1,-0.0117153,-0.317207,0.0123486,-0.151055,0.105008
80,0.95,0.95,425,88.1433,13,13,-1,-1,1,-1,0,1,22,8,7,14,0,1,-1,-4.9404,5,2,1,0.187355,-0.0463714,0.0371017,0.0905757,-0.103872
80,0.95,0.95,426,88.1563,14,14,-1,-1,1,-1,1,1,22,6,9,16,0,1,-1,-5.17935,4,1,1,0.0999625,0.138976,0.231423,-0.0650955,-0.105385
80,0.95,0.95,427,88.2047,8,8,-1,-1,1,-1,1,0,22,14,5,8,0,1,-1,-4.77262,0,0,1,-0.013502,0.00453818,0.015196,0.193644,-0.0624857
80,0.95,0.95,428,88.2752,23,23,-1,-1,1,-1,0,1,22,11,6,11,0,1,-1,-4.89664,0,1,1,0.0787592,0.017209,0.185883,-0.0637896,0.0588833
80,0.95,0.95,429,88.3417,2,2,-1,-1,1,-1,1,0,22,13,5,9,0,1,-1,-4.75917,0,0,1,-0.0275176,-0.17187,0.115017,0.0156566,-0.0404695
80,0.95,0.95,430,88.491,3,3,-1,-1,1,-1,0,0,22,12,3,10,0,1,-1,-5.03464,0,2,1,0.00773111,-0.124425,-0.050212,0.254553,0.0824751
80,0.95,0.95,431,88.5365,9,9,-1,-1,1,-1,1,0,22,12,3,10,0,1,-1,-4.87788,0,1,1,-0.121876,0.0492788,0.179296,0.0324462,0.0578107
80,0.95,0.95,432,88.6293,16,16,-1,-1,1,-1,1,1,22,8,11,14,0,1,-1,-5.17133,3,0,1,-0.0674096,-0.0670277,-0.0591196,-0.00643656,0.0395433
80,0.95,0.95,433,88.6633,20,20,-1,-1,1,-1,1,0,22,12,4,10,0,1,-1,-5.0579,0,0,1,-0.074198,-0.0227908,0.111105,0.0976124,0.193118
80,0.95,0.95,434,88.9187,10,10,-1,-1,1,-1,1,0,22,10,8,12,0,1,-1,-4.77564,2,0,1,0.0714128,0.146228,0.109768,0.0892061,0.0624405
80,0.95,0.95,435,88.9778,5,5,-1,-1,1,-1,0,0,22,6,7,16,0,1,-1,-4.61016,3,7,1,0.0691281,0.0179916,0.0896691,-0.0102533,0.160903
80,0.95,0.95,436,90.9187,10,10,-1,-1,1,-1,0,0,23,11,8,12,0,0,90.9187,-4.77564,2,0,0,0.0714128,0.146228,0.109768,0.0892061,0.0624405
80,0.95,0.95,437,92.0005,19,19,-1,-1,1,-1,1,0,23,6,5,17,0,1,-1,-4.92995,2,5,1,-0.0117153,-0.317207,0.0123486,-0.151055,0.105008
80,0.95,0.95,438,92.1433,13,13,-1,-1,1,-1,1,0,23,8,7,15,0,1,-1,-4.9404,3,2,1,0.187355,-0.0463714,0.0371017,0.0905757,-0.103872
80,0.95,0.95,439,92.1563,14,14,-1,-1,1,-1,1,0,23,7,9,16,0,1,-1,-5.17935,3,1,1,0.0999625,0.138976,0.231423,-0.0650955,-0.105385
80,0.95,0.95,440,92.2047,8,8,-1,-1,1,-1,0,0,23,15,5,8,0,1,-1,-4.77262,0,1,1,-0.013502,0.00453818,0.015196,0.193644,-0.0624857
80,0.95,0.95,441,92.2752,23,23,-1,-1,1,-1,1,1,23,11,6,12,0,1,-1,-4.89664,0,0,1,0.0787592,0.017209,0.185883,-0.0637896,0.0588833
80,0.95,0.95,442,92.3417,2,2,-1,-1,1,-1,0,1,23,14,5,9,0,1,-1,-4.75917,0,1,1,-0.0275176,-0.17187,0.115017,0.0156566,-0.0404695
80,0.95,0.95,443,92.491,3,3,-1,-1,1,-1,0,0,23,12,3,11,0,1,-1,-5.03464,0,3,1,0.00773111,-0.124425,-0.050212,0.254553,0.0824751
80,0.95,0.95,444,92.5365,9,9,-1,-1,1,-1,0,0,23,13,3,10,0,1,-1,-4.87788,1,1,1,-0.121876,0.0492788,0.179296,0.0324462,0.0578107
80,0.95,0.95,445,92.6293,16,16,-1,-1,1,-1,1,1,23,9,11,14,0,1,-1,-5.17133,2,0,1,-0.0674096,-0.0670277,-0.0591196,-0.00643656,0.0395433
80,0.95,0.95,446,92.6633,20,20,-1,-1,1,-1,0,0,23,13,4,10,0,1,-1,-5.0579,0,1,1,-0.074198,-0.0227908,0.111105,0.0976124,0.193118
80,0.95,0.95,447,92.9778,5,5,-1,-1,1,-1,0,0,23,6,7,17,0,1,-1,-4.61016,4,7,1,0.0691281,0.0179916,0.0896691,-0.0102533,0.160903
80,0.95,0.95,448,96.0005,19,19,-1,-1,1,-1,0,0,24,7,5,17,0,1,-1,-4.92995,2,6,1,-0.0117153,-0.317207,0.0123486,-0.151055,0.105008
80,0.95,0.95,449,96.1433,13,13,-1,-1,1,-1,0,0,24,9,7,15,0,1,-1,-4.9404,4,2,1,0.187355,-0.0463714,0.0371017,0.0905757,-0.103872
80,0.95,0.95,450,96.1563,14,14,-1,-1,1,-1,0,1,24,8,9,16,0,1,-1,-5.17935,4,1,1,0.0999625,0.138976,0.231423,-0.0650955,-0.105385
80,0.95,0.95,451,96.2047,8,8,-1,-1,1,-1,0,0,24,15,5,9,0,1,-1,-4.77262,1,1,1,-0.013502,0.00453818,0.015196,0.193644,-0.0624857
80,0.95,0.95,452,96.2752,23,23,-1,-1,1,-1,1,0,24,12,6,12,0,1,-1,-4.89664,0,0,1,0.0787592,0.017209,0.185883,-0.0637896,0.0588833
80,0.95,0.95,453,96.3417,2,2,-1,-1,1,-1,1,1,24,14,5,10,0,1,-1,-4.75917,0,0,1,-0.0275176,-0.17187,0.115017,0.0156566,-0.0404695
80,0.95,0.95,454,96.491,3,3,-1,-1,1,-1,0,1,24,12,3,12,0,1,-1,-5.03464,0,4,1,0.00773111,-0.124425,-0.050212,0.254553,0.0824751
80,0.95,0.95,455,96.5365,9,9,-1,-1,1,-1,0,0,24,13,4,11,0,1,-1,-4.87788,1,2,1,-0.121876,0.0492788,0.179296,0.0324462,0.0578107
80,0.95,0.95,456,96.6293,16,16,-1,-1,1,-1,1,1,24,10,11,14,0,1,-1,-5.17133,1,0,1,-0.0674096,-0.0670277,-0.0591196,-0.00643656,0.0395433
80,0.95,0.95,457,96.6633,20,20,-1,-1,1,-1,0,0,24,13,4,11,0,1,-1,-5.0579,0,2,1,-0.074198,-0.0227908,0.111105,0.0976124,0.193118
80,0.95,0.95,458,96.9778,5,5,-1,-1,1,-1,0,1,24,6,8,18,0,1,-1,-4.61016,5,7,1,0.0691281,0.0179916,0.0896691,-0.0102533,0.160903
80,0.95,0.95,459,100.001,19,19,-1,-1,1,-1,0,1,25,7,5,18,0,1,-1,-4.92995,3,6,1,-0.0117153,-0.317207,0.0123486,-0.151055,0.105008
80,0.95,0.95,460,100.143,13,13,-1,-1,1,-1,0,0,25,9,8,16,0,1,-1,-4.9404,3,3,1,0.187355,-0.0463714,0.0371017,0.0905757,-0.103872
80,0.95,0.95,461,100.156,14,14,-1,-1,1,-1,1,0,25,8,10,17,0,1,-1,-5.17935,3,1,1,0.0999625,0.138976,0.231423,-0.0650955,-0.105385
80,0.95,0.95,462,100.205,8,8,-1,-1,1,-1,0,0,25,15,6,10,0,1,-1,-4.77262,2,1,1,-0.013502,0.00453818,0.015196,0.193644,-0.0624857
80,0.95,0.95,463,100.275,23,23,-1,-1,1,-1,0,1,25,13,6,12,0,1,-1,-4.89664,1,0,1,0.0787592,0.017209,0.185883,-0.0637896,0.0588833
80,0.95,0.95,464,100.342,2,2,-1,-1,1,-1,1,0,25,15,5,10,0,1,-1,-4.75917,0,0,1,-0.0275176,-0.17187,0.115017,0.0156566,-0.0404695
80,0.95,0.95,465,100.491,3,3,-1,-1,1,-1,1,1,25,12,3,13,0,1,-1,-5.03464,0,2,1,0.00773111,-0.124425,-0.050212,0.254553,0.0824751
80,0.95,0.95,466,100.536,9,9,-1,-1,1,-1,0,1,25,13,4,12,0,1,-1,-4.87788,2,1,1,-0.121876,0.0492788,0.179296,0.0324462,0.0578107
80,0.95,0.95,467,100.629,16,16,-1,-1,1,-1,1,0,25,11,11,14,0,1,-1,-5.17133,0,0,1,-0.0674096,-0.0670277,-0.0591196,-0.00643656,0.0395433
80,0.95,0.95,468,100.663,20,20,-1,-1,1,-1,0,1,25,13,4,12,0,1,-1,-5.0579,1,2,1,-0.074198,-0.0227908,0.111105,0.0976124,0.193118
80,0.95,0.95,469,100.978,5,5,-1,-1,1,-1,1,0,25,6,9,19,0,1,-1,-4.61016,4,5,1,0.0691281,0.0179916,0.0896691,-0.0102533,0.160903
80,0.95,0.95,470,102.275,23,23,-1,-1,1,-1,1,1,26,13,7,13,0,0,102.275,-4.89664,1,0,0,0.0787592,0.017209,0.185883,-0.0637896,0.0588833
80,0.95,0.95,471,102.978,5,5,-1,-1,1,-1,0,0,26,7,9,19,0,0,102.978,-4.61016,4,5,0,0.0691281,0.0179916,0.0896691,-0.0102533,0.160903
80,0.95,0.95,472,104.001,19,19,-1,-1,1,-1,1,1,26,7,6,19,0,1,-1,-4.92995,1,4,1,-0.0117153,-0.317207,0.0123486,-0.151055,0.105008
80,0.95,0.95,473,104.143,13,13,-1,-1,1,-1,0,0,26,9,8,17,0,1,-1,-4.9404,4,3,1,0.187355,-0.0463714,0.0371017,0.0905757,-0.103872
80,0.95,0.95,474,104.156,14,14,-1,-1,1,-1,0,0,26,9,10,17,0,1,-1,-5.17935,4,1,1,0.0999625,0.138976,0.231423,-0.0650955,-0.105385
80,0.95,0.95,475,104.205,8,8,-1,-1,1,-1,0,0,26,15,7,11,0,1,-1,-4.77262,2,2,1,-0.013502,0.00453818,0.015196,0.193644,-0.0624857
80,0.95,0.95,476,104.342,2,2,-1,-1,1,-1,0,0,26,16,5,10,0,1,-1,-4.75917,1,0,1,-0.0275176,-0.17187,0.115017,0.0156566,-0.0404695
80,0.95,0.95,477,104.491,3,3,-1,-1,1,-1,1,1,26,13,3,13,0,1,-1,-5.03464,0,1,1,0.00773111,-0.124425,-0.050212,0.254553,0.0824751
80,0.95,0.95,478,104.536,9,9,-1,-1,1,-1,1,1,26,13,5,13,0,1,-1,-4.87788,1,0,1,-0.121876,0.0492788,0.179296,0.0324462,0.0578107
80,0.95,0.95,479,104.629,16,16,-1,-1,1,-1,0,1,26,12,11,14,0,1,-1,-5.17133,0,1,1,-0.0674096,-0.0670277,-0.0591196,-0.00643656,0.0395433
80,0.95,0.95,480,104.663,20,20,-1,-1,1,-1,1,1,26,13,5,13,0,1,-1,-5.0579,1,1,1,-0.074198,-0.0227908,0.111105,0.0976124,0.193118
80,0.95,0.95,481,106.663,20,20,-1,-1,1,-1,1,1,27,14,5,13,0,0,106.663,-5.0579,1,1,0,-0.074198,-0.0227908,0.111105,0.0976124,0.193118
80,0.95,0.95,482,108.001,19,19,-1,-1,1,-1,1,0,27,8,6,19,0,1,-1,-4.92995,0,4,1,-0.0117153,-0.317207,0.0123486,-0.151055,0.105008
80,0.95,0.95,483,108.143,13,13,-1,-1,1,-1,0,0,27,9,9,18,0,1,-1,-4.9404,4,4,1,0.187355,-0.0463714,0.0371017,0.0905757,-0.103872
80,0.95,0.95,484,108.156,14,14,-1,-1,1,-1,0,0,27,9,11,18,0,1,-1,-5.17935,4,2,1,0.0999625,0.138976,0.231423,-0.0650955,-0.105385
80,0.95,0.95,485,108.205,8,8,-1,-1,1,-1,0,0,27,15,7,12,0,1,-1,-4.77262,2,3,1,-0.013502,0.00453818,0.015196,0.193644,-0.0624857
80,0.95,0.95,486,108.342,2,2,-1,-1,1,-1,0,0,27,16,6,11,0,1,-1,-4.75917,1,1,1,-0.0275176,-0.17187,0.115017,0.0156566,-0.0404695
80,0.95,0.95,487,108.491,3,3,-1,-1,1,-1,1,1,27,14,3,13,0,1,-1,-5.03464,0,0,1,0.00773111,-0.124425,-0.050212,0.254553,0.0824751
80,0.95,0.95,488,108.536,9,9,-1,-1,1,-1,1,1,27,14,5,13,0,1,-1,-4.87788,0,0,1,-0.121876,0.0492788,0.179296,0.0324462,0.0578107
80,0.95,0.95,489,108.629,16,16,-1,-1,1,-1,1,0,27,12,11,15,0,1,-1,-5.17133,0,0,1,-0.0674096,-0.0670277,-0.0591196,-0.00643656,0.0395433
80,0.95,0.95,490,112.001,19,19,-1,-1,1,-1,0,0,28,9,6,19,0,1,-1,-4.92995,1,4,1,-0.0117153,-0.317207,0.0123486,-0.151055,0.105008
80,0.95,0.95,491,112.143,13,13,-1,-1,1,-1,0,1,28,9,9,19,0,1,-1,-4.9404,4,5,1,0.187355,-0.0463714,0.0371017,0.0905757,-0.103872
80,0.95,0.95,492,112.156,14,14,-1,-1,1,-1,0,0,28,9,11,19,0,1,-1,-5.17935,5,2,1,0.0999625,0.138976,0.231423,-0.0650955,-0.105385
80,0.95,0.95,493,112.205,8,8,-1,-1,1,-1,0,0,28,15,7,13,0,1,-1,-4.77262,3,3,1,-0.013502,0.00453818,0.015196,0.193644,-0.0624857
80,0.95,0.95,494,112.342,2,2,-1,-1,1,-1,0,0,28,16,6,12,0,1,-1,-4.75917,2,1,1,-0.0275176,-0.17187,0.115017,0.0156566,-0.0404695
80,0.95,0.95,495,112.491,3,3,-1,-1,1,-1,1,1,28,15,3,13,0,1,-1,-5.03464,0,0,1,0.00773111,-0.124425,-0.050212,0.254553,0.0824751
80,0.95,0.95,496,112.536,9,9,-1,-1,1,-1,1,1,28,15,5,13,0,1,-1,-4.87788,0,0,1,-0.121876,0.0492788,0.179296,0.0324462,0.0578107
80,0.95,0.95,497,112.629,16,16,-1,-1,1,-1,0,1,28,13,11,15,0,1,-1,-5.17133,0,1,1,-0.0674096,-0.0670277,-0.0591196,-0.00643656,0.0395433
80,0.95,0.95,498,116.001,19,19,-1,-1,1,-1,0,0,29,9,7,20,0,1,-1,-4.92995,1,5,1,-0.0117153,-0.317207,0.0123486,-0.151055,0.105008
80,0.95,0.95,499,116.143,13,13,-1,-1,1,-1,1,1,29,9,9,20,0,1,-1,-4.9404,4,4,1,0.187355,-0.0463714,0.0371017,0.0905757,-0.103872
80,0.95,0.95,500,116.156,14,14,-1,-1,1,-1,0,1,29,9,12,20,0,1,-1,-5.17935,6,2,1,0.0999625,0.138976,0.231423,-0.0650955,-0.105385
80,0.95,0.95,501,116.205,8,8,-1,-1,1,-1,0,0,29,15,8,14,0,1,-1,-4.77262,4,3,1,-0.013502,0.00453818,0.015196,0.193644,-0.0624857
80,0.95,0.95,502,116.342,2,2,-1,-1,1,-1,0,1,29,16,7,13,0,1,-1,-4.75917,2,2,1,-0.0275176,-0.17187,0.115017,0.0156566,-0.0404695
80,0.95,0.95,503,116.491,3,3,-1,-1,1,-1,1,1,29,16,3,13,0,1,-1,-5.03464,0,0,1,0.00773111,-0.124425,-0.050212,0.254553,0.0824751
80,0.95,0.95,504,116.536,9,9,-1,-1,1,-1,1,1,29,16,5,13,0,1,-1,-4.87788,0,0,1,-0.121876,0.0492788,0.179296,0.0324462,0.0578107
80,0.95,0.95,505,116.629,16,16,-1,-1,1,-1,1,1,29,13,11,16,0,1,-1,-5.17133,0,0,1,-0.0674096,-0.0670277,-0.0591196,-0.00643656,0.0395433
80,0.95,0.95,506,118.156,14,14,-1,-1,1,-1,1,1,30,9,13,21,0,0,118.156,-5.17935,6,2,0,0.0999625,0.138976,0.231423,-0.0650955,-0.105385
80,0.95,0.95,507,120.001,19,19,-1,-1,1,-1,0,1,30,9,7,21,0,1,-1,-4.92995,1,6,1,-0.0117153,-0.317207,0.0123486,-0.151055,0.105008
80,0.95,0.95,508,120.143,13,13,-1,-1,1,-1,1,1,30,10,9,20,0,1,-1,-4.9404,3,4,2,0.187355,-0.0463714,0.0371017,0.0905757,-0.103872
80,0.95,0.95,509,120.205,8,8,-1,-1,1,-1,0,1,30,15,9,15,0,1,-1,-4.77262,4,4,1,-0.013502,0.00453818,0.015196,0.193644,-0.0624857
80,0.95,0.95,510,120.342,2,2,-1,-1,1,-1,1,0,30,16,7,14,0,1,-1,-4.75917,2,1,1,-0.0275176,-0.17187,0.115017,0.0156566,-0.0404695
80,0.95,0.95,511,120.491,3,3,-1,-1,1,-1,1,1,30,17,3,13,0,1,-1,-5.03464,0,0,1,0.00773111,-0.124425,-0.050212,0.254553,0.0824751
80,0.95,0.95,512,120.536,9,9,-1,-1,1,-1,1,1,30,17,5,13,0,1,-1,-4.87788,0,0,1,-0.121876,0.0492788,0.179296,0.0324462,0.0578107
80,0.95,0.95,513,120.629,16,16,-1,-1,1,-1,1,0,30,14,11,16,0,1,-1,-5.17133,0,0,1,-0.0674096,-0.0670277,-0.0591196,-0.00643656,0.0395433
80,0.95,0.95,514,122.342,2,2,-1,-1,1,-1,0,0,31,17,7,14,0,0,122.342,-4.75917,2,1,0,-0.0275176,-0.17187,0.115017,0.0156566,-0.0404695
80,0.95,0.95,515,124.001,19,19,-1,-1,1,-1,1,0,31,9,7,22,0,1,-1,-4.92995,0,6,1,-0.0117153,-0.317207,0.0123486,-0.151055,0.105008
80,0.95,0.95,516,124.143,13,279,13,-1,1,72,1,1,0,0,0,0,121.13,1,-1,-4.86275,2,4,2,0.217653,-0.317207,0.0371017,0.070692,-0.103872
80,0.95,0.95,517,124.143,13,13,-1,-1,1,-1,1,0,31,11,9,20,0,1,-1,-4.9404,2,2,2,0.187355,-0.0463714,0.0371017,0.0905757,-0.103872
80,0.95,0.95,518,124.205,8,8,-1,-1,1,-1,1,1,31,15,9,16,0,1,-1,-4.77262,3,4,1,-0.013502,0.00453818,0.015196,0.193644,-0.0624857
80,0.95,0.95,519,124.491,3,3,-1,-1,1,-1,1,0,31,18,3,13,0,1,-1,-5.03464,0,0,1,0.00773111,-0.124425,-0.050212,0.254553,0.0824751
80,0.95,0.95,520,124.536,9,9,-1,-1,1,-1,1,0,31,18,5,13,0,1,-1,-4.87788,0,0,1,-0.121876,0.0492788,0.179296,0.0324462,0.0578107
80,0.95,0.95,521,124.629,16,16,-1,-1,1,-1,0,0,31,15,11,16,0,1,-1,-5.17133,0,1,1,-0.0674096,-0.0670277,-0.0591196,-0.00643656,0.0395433
80,0.95,0.95,522,128.001,19,19,-1,-1,1,-1,0,1,32,10,7,22,0,1,-1,-4.92995,0,7,1,-0.0117153,-0.317207,0.0123486,-0.151055,0.105008
80,0.95,0.95,523,128.143,13,279,13,-1,1,72,1,0,1,1,0,0,121.13,1,-1,-4.86275,2,1,2,0.217653,-0.317207,0.0371017,0.070692,-0.103872
80,0.95,0.95,524,128.143,13,13,-1,-1,1,-1,0,1,32,12,9,20,0,1,-1,-4.9404,2,2,2,0.187355,-0.0463714,0.0371017,0.0905757,-0.103872
80,0.95,0.95,525,128.205,8,8,-1,-1,1,-1,1,0,32,16,9,16,0,1,-1,-4.77262,2,4,1,-0.013502,0.00453818,0.015196,0.193644,-0.0624857
80,0.95,0.95,526,128.491,3,3,-1,-1,1,-1,0,0,32,19,3,13,0,1,-1,-5.03464,0,1,1,0.00773111,-0.124425,-0.050212,0.254553,0.0824751
80,0.95,0.95,527,128.536,9,9,-1,-1,1,-1,0,1,32,19,5,13,0,1,-1,-4.87788,0,1,1,-0.121876,0.0492788,0.179296,0.0324462,0.0578107
80,0.95,0.95,528,128.629,16,16,-1,-1,1,-1,0,1,32,15,11,17,0,1,-1,-5.17133,1,1,1,-0.0674096,-0.0670277,-0.0591196,-0.00643656,0.0395433
80,0.95,0.95,529,132.001,19,19,-1,-1,1,-1,1,0,33,10,7,23,0,1,-1,-4.92995,0,6,1,-0.0117153,-0.317207,0.0123486,-0.151055,0.105008
80,0.95,0.95,530,132.143,13,279,13,-1,1,72,0,1,2,2,0,0,121.13,1,-1,-4.86275,3,2,2,0.217653,-0.317207,0.0371017,0.070692,-0.103872
80,0.95,0.95,531,132.143,13,13,-1,-1,1,-1,1,0,33,12,9,21,0,1,-1,-4.9404,3,1,2,0.187355,-0.0463714,0.0371017,0.0905757,-0.103872
80,0.95,0.95,532,132.205,8,8,-1,-1,1,-1,0,1,33,17,9,16,0,1,-1,-4.77262,3,4,1,-0.013502,0.00453818,0.015196,0.193644,-0.0624857
80,0.95,0.95,533,132.491,3,3,-1,-1,1,-1,0,0,33,19,3,14,0,1,-1,-5.03464,0,2,1,0.00773111,-0.124425,-0.050212,0.254553,0.0824751
80,0.95,0.95,534,132.536,9,9,-1,-1,1,-1,1,0,33,19,5,14,0,1,-1,-4.87788,0,0,1,-0.121876,0.0492788,0.179296,0.0324462,0.0578107
80,0.95,0.95,535,132.629,16,16,-1,-1,1,-1,1,1,33,15,12,18,0,1,-1,-5.17133,0,1,1,-0.0674096,-0.0670277,-0.0591196,-0.00643656,0.0395433
80,0.95,0.95,536,136.001,19,19,-1,-1,1,-1,0,1,34,11,7,23,0,1,-1,-4.92995,1,6,1,-0.0117153,-0.317207,0.0123486,-0.151055,0.105008
80,0.95,0.95,537,136.143,13,279,13,-1,1,72,1,0,3,2,1,1,121.13,1,-1,-4.86275,1,1,2,0.217653,-0.317207,0.0371017,0.070692,-0.103872
80,0.95,0.95,538,136.143,13,13,-1,-1,1,-1,0,1,34,13,9,21,0,1,-1,-4.9404,1,2,2,0.187355,-0.0463714,0.0371017,0.0905757,-0.103872
80,0.95,0.95,539,136.205,8,8,-1,-1,1,-1,1,0,34,17,10,17,0,1,-1,-4.77262,2,2,1,-0.013502,0.00453818,0.015196,0.193644,-0.0624857
80,0.95,0.95,540,136.491,3,3,-1,-1,1,-1,0,0,34,19,3,15,0,1,-1,-5.03464,1,2,1,0.00773111,-0.124425,-0.050212,0.254553,0.0824751
80,0.95,0.95,541,136.536,9,9,-1,-1,1,-1,0,0,34,20,5,14,0,1,-1,-4.87788,1,0,1,-0.121876,0.0492788,0.179296,0.0324462,0.0578107
80,0.95,0.95,542,136.629,16,16,-1,-1,1,-1,1,0,34,16,12,18,0,1,-1,-5.17133,0,0,1,-0.0674096,-0.0670277,-0.0591196,-0.00643656,0.0395433
80,0.95,0.95,543,140.001,19,19,-1,-1,1,-1,1,1,35,11,8,24,0,1,-1,-4.92995,1,5,1,-0.0117153,-0.317207,0.0123486,-0.151055,0.105008
80,0.95,0.95,544,140.143,13,279,13,-1,1,72,0,0,4,3,1,1,121.13,1,-1,-4.86275,1,3,2,0.217653,-0.317207,0.0371017,0.070692,-0.103872
80,0.95,0.95,545,140.143,13,13,-1,-1,1,-1,1,1,35,13,9,22,0,1,-1,-4.9404,0,2,2,0.187355,-0.0463714,0.0371017,0.0905757,-0.103872
80,0.95,0.95,546,140.205,8,8,-1,-1,1,-1,0,0,35,18,10,17,0,1,-1,-4.77262,2,3,1,-0.013502,0.00453818,0.015196,0.193644,-0.0624857
80,0.95,0.95,547,140.491,3,3,-1,-1,1,-1,0,0,35,19,4,16,0,1,-1,-5.03464,2,2,1,0.00773111,-0.124425,-0.050212,0.254553,0.0824751
80,0.95,0.95,548,140.536,9,9,-1,-1,1,-1,0,0,35,20,6,15,0,1,-1,-4.87788,1,1,1,-0.121876,0.0492788,0.179296,0.0324462,0.0578107
80,0.95,0.95,549,140.629,16,16,-1,-1,1,-1,0,1,35,17,12,18,0,1,-1,-5.17133,1,0,1,-0.0674096,-0.0670277,-0.0591196,-0.00643656,0.0395433
80,0.95,0.95,550,144.001,19,19,-1,-1,1,-1,1,0,36,12,8,24,0,1,-1,-4.92995,1,4,1,-0.0117153,-0.317207,0.0123486,-0.151055,0.105008
80,0.95,0.95,551,144.143,13,13,-1,-1,1,-1,1,0,36,14,9,22,0,1,-1,-4.9404,0,0,2,0.187355,-0.0463714,0.0371017,0.0905757,-0.103872
80,0.95,0.95,552,144.143,13,279,13,-1,1,72,0,1,5,3,1,2,121.13,1,-1,-4.86275,1,0,2,0.217653,-0.317207,0.0371017,0.070692,-0.103872
80,0.95,0.95,553,144.205,8,8,-1,-1,1,-1,0,0,36,18,10,18,0,1,-1,-4.77262,3,3,1,-0.013502,0.00453818,0.015196,0.193644,-0.0624857
80,0.95,0.95,554,144.491,3,3,-1,-1,1,-1,0,0,36,19,5,17,0,1,-1,-5.03464,3,2,1,0.00773111,-0.124425,-0.050212,0.254553,0.0824751
80,0.95,0.95,555,144.536,9,9,-1,-1,1,-1,0,1,36,20,6,16,0,1,-1,-4.87788,1,2,1,-0.121876,0.0492788,0.179296,0.0324462,0.0578107
80,0.95,0.95,556,144.629,16,16,-1,-1,1,-1,1,0,36,17,13,19,0,1,-1,-5.17133,0,0,1,-0.0674096,-0.0670277,-0.0591196,-0.00643656,0.0395433
80,0.95,0.95,557,148.001,19,19,-1,-1,1,-1,0,0,37,13,8,24,0,1,-1,-4.92995,2,4,1,-0.0117153,-0.317207,0.0123486,-0.151055,0.105008
80,0.95,0.95,558,148.143,13,13,-1,-1,1,-1,0,0,37,15,9,22,0,1,-1,-4.9404,2,0,2,0.187355,-0.0463714,0.0371017,0.0905757,-0.103872
80,0.95,0.95,559,148.143,13,279,13,-1,1,72,1,0,6,3,2,3,121.13,1,-1,-4.86275,1,0,2,0.217653,-0.317207,0.0371017,0.070692,-0.103872
80,0.95,0.95,560,148.205,8,8,-1,-1,1,-1,0,1,37,18,11,19,0,1,-1,-4.77262,4,3,1,-0.013502,0.00453818,0.015196,0.193644,-0.0624857
80,0.95,0.95,561,148.491,3,3,-1,-1,1,-1,0,0,37,19,6,18,0,1,-1,-5.03464,3,3,1,0.00773111,-0.124425,-0.050212,0.254553,0.0824751
80,0.95,0.95,562,148.536,9,9,-1,-1,1,-1,1,1,37,20,6,17,0,1,-1,-4.87788,1,1,1,-0.121876,0.0492788,0.179296,0.0324462,0.0578107
80,0.95,0.95,563,148.629,16,16,-1,-1,1,-1,0,0,37,18,13,19,0,1,-1,-5.17133,1,0,1,-0.0674096,-0.0670277,-0.0591196,-0.00643656,0.0395433
80,0.95,0.95,564,152.001,19,19,-1,-1,1,-1,0,0,38,13,9,25,0,1,-1,-4.92995,2,5,1,-0.0117153,-0.317207,0.0123486,-0.151055,0.105008
80,0.95,0.95,565,152.143,13,279,13,-1,1,72,0,0,7,4,2,3,121.13,1,-1,-4.86275,1,1,2,0.217653,-0.317207,0.0371017,0.070692,-0.103872
80,0.95,0.95,566,152.143,13,13,-1,-1,1,-1,0,0,38,15,10,23,0,1,-1,-4.9404,2,1,2,0.187355,-0.0463714,0.0371017,0.0905757,-0.103872
80,0.95,0.95,567,152.205,8,8,-1,-1,1,-1,1,0,38,18,12,20,0,1,-1,-4.77262,3,3,1,-0.013502,0.00453818,0.015196,0.193644,-0.0624857
80,0.95,0.95,568,152.491,3,3,-1,-1,1,-1,0,0,38,19,6,19,0,1,-1,-5.03464,4,3,1,0.00773111,-0.124425,-0.050212,0.254553,0.0824751
80,0.95,0.95,569,152.536,9,9,-1,-1,1,-1,1,1,38,21,6,17,0,1,-1,-4.87788,1,0,1,-0.121876,0.0492788,0.179296,0.0324462,0.0578107
80,0.95,0.95,570,152.629,16,16,-1,-1,1,-1,0,1,38,18,14,20,0,1,-1,-5.17133,2,0,1,-0.0674096,-0.0670277,-0.0591196,-0.00643656,0.0395433
80,0.95,0.95,571,156.001,19,19,-1,-1,1,-1,0,1,39,13,9,26,0,1,-1,-4.92995,2,6,1,-0.0117153,-0.317207,0.0123486,-0.151055,0.105008
80,0.95,0.95,572,156.143,13,13,-1,-1,1,-1,0,1,39,15,11,24,0,1,-1,-4.9404,3,1,2,0.187355,-0.0463714,0.0371017,0.0905757,-0.103872
80,0.95,0.95,573,156.143,13,279,13,-1,1,72,0,1,8,4,2,4,121.13,1,-1,-4.86275,3,2,2,0.217653,-0.317207,0.0371017,0.070692,-0.103872
80,0.95,0.95,574,156.205,8,8,-1,-1,1,-1,0,1,39,19,12,20,0,1,-1,-4.77262,3,4,1,-0.013502,0.00453818,0.015196,0.193644,-0.0624857
80,0.95,0.95,575,156.491,3,3,-1,-1,1,-1,0,0,39,19,7,20,0,1,-1,-5.03464,5,3,1,0.00773111,-0.124425,-0.050212,0.254553,0.0824751
80,0.95,0.95,576,156.536,9,9,-1,-1,1,-1,1,0,39,22,6,17,0,1,-1,-4.87788,0,0,1,-0.121876,0.0492788,0.179296,0.0324462,0.0578107
80,0.95,0.95,577,156.629,16,16,-1,-1,1,-1,1,0,39,18,15,21,0,1,-1,-5.17133,1,0,1,-0.0674096,-0.0670277,-0.0591196,-0.00643656,0.0395433
80,0.95,0.95,578,158.001,19,19,-1,-1,1,-1,1,1,40,13,9,27,0,0,158.001,-4.92995,2,6,0,-0.0117153,-0.317207,0.0123486,-0.151055,0.105008
80,0.95,0.95,579,158.536,9,9,-1,-1,1,-1,0,0,40,23,6,17,0,0,158.536,-4.87788,0,0,0,-0.121876,0.0492788,0.179296,0.0324462,0.0578107
80,0.95,0.95,580,160.143,13,13,-1,-1,1,-1,1,1,40,15,12,25,0,1,-1,-4.9404,3,1,2,0.187355,-0.0463714,0.0371017,0.0905757,-0.103872
80,0.95,0.95,581,160.143,13,279,13,-1,1,72,1,0,9,4,2,5,121.13,1,-1,-4.86275,2,1,2,0.217653,-0.317207,0.0371017,0.070692,-0.103872
80,0.95,0.95,582,160.205,8,8,-1,-1,1,-1,1,0,40,19,12,21,0,1,-1,-4.77262,1,4,1,-0.013502,0.00453818,0.015196,0.193644,-0.0624857
80,0.95,0.95,583,160.491,3,3,-1,-1,1,-1,0,0,40,19,8,21,0,1,-1,-5.03464,5,4,1,0.00773111,-0.124425,-0.050212,0.254553,0.0824751
80,0.95,0.95,584,160.629,16,16,-1,-1,1,-1,0,1,40,19,15,21,0,1,-1,-5.17133,1,1,1,-0.0674096,-0.0670277,-0.0591196,-0.00643656,0.0395433
80,0.95,0.95,585,162.491,3,3,-1,-1,1,-1,0,0,41,19,8,22,0,0,162.491,-5.03464,5,4,0,0.00773111,-0.124425,-0.050212,0.254553,0.0824751
80,0.95,0.95,586,164.143,13,279,13,-1,1,72,0,1,10,5,2,5,121.13,1,-1,-4.86275,3,1,2,0.217653,-0.317207,0.0371017,0.070692,-0.103872
80,0.95,0.95,587,164.143,13,13,-1,-1,1,-1,1,1,41,16,12,25,0,1,-1,-4.9404,2,1,2,0.187355,-0.0463714,0.0371017,0.0905757,-0.103872
80,0.95,0.95,588,164.205,8,8,-1,-1,1,-1,0,0,41,20,12,21,0,1,-1,-4.77262,1,5,1,-0.013502,0.00453818,0.015196,0.193644,-0.0624857
80,0.95,0.95,589,164.629,16,16,-1,-1,1,-1,1,1,41,19,15,22,0,1,-1,-5.17133,1,0,1,-0.0674096,-0.0670277,-0.0591196,-0.00643656,0.0395433
80,0.95,0.95,590,168.143,13,13,-1,-1,1,-1,1,0,42,17,12,25,0,1,-1,-4.9404,1,1,2,0.187355,-0.0463714,0.0371017,0.0905757,-0.103872
80,0.95,0.95,591,168.143,13,279,13,-1,1,72,1,1,11,5,3,6,121.13,1,-1,-4.86275,0,1,2,0.217653,-0.317207,0.0371017,0.070692,-0.103872
80,0.95,0.95,592,168.205,8,8,-1,-1,1,-1,0,0,42,20,12,22,0,1,-1,-4.77262,1,6,1,-0.013502,0.00453818,0.015196,0.193644,-0.0624857
80,0.95,0.95,593,168.629,16,16,-1,-1,1,-1,1,1,42,20,15,22,0,1,-1,-5.17133,0,0,1,-0.0674096,-0.0670277,-0.0591196,-0.00643656,0.0395433
80,0.95,0.95,594,172.143,13,13,-1,-1,1,-1,0,0,43,18,12,25,0,1,-1,-4.9404,0,2,2,0.187355,-0.0463714,0.0371017,0.0905757,-0.103872
80,0.95,0.95,595,172.143,13,279,13,-1,1,72,1,0,12,6,3,6,121.13,1,-1,-4.86275,0,1,2,0.217653,-0.317207,0.0371017,0.070692,-0.103872
80,0.95,0.95,596,172.205,8,8,-1,-1,1,-1,0,1,43,20,12,23,0,1,-1,-4.77262,1,7,1,-0.013502,0.00453818,0.015196,0.193644,-0.0624857
80,0.95,0.95,597,172.629,16,16,-1,-1,1,-1,1,0,43,21,15,22,0,1,-1,-5.17133,0,0,1,-0.0674096,-0.0670277,-0.0591196,-0.00643656,0.0395433
80,0.95,0.95,598,176.143,13,13,-1,-1,1,-1,0,0,44,18,12,26,0,1,-1,-4.9404,1,1,2,0.187355,-0.0463714,0.0371017,0.0905757,-0.103872
80,0.95,0.95,599,176.143,13,279,13,-1,1,72,0,1,13,7,3,6,121.13,1,-1,-4.86275,2,1,2,0.217653,-0.317207,0.0371017,0.070692,-0.103872
80,0.95,0.95,600,176.205,8,8,-1,-1,1,-1,1,1,44,20,12,24,0,1,-1,-4.77262,1,6,1,-0.013502,0.00453818,0.015196,0.193644,-0.0624857
80,0.95,0.95,601,176.629,16,16,-1,-1,1,-1,0,0,44,22,15,22,0,1,-1,-5.17133,0,1,1,-0.0674096,-0.0670277,-0.0591196,-0.00643656,0.0395433
80,0.95,0.95,602,180.143,13,13,-1,-1,1,-1,0,1,45,18,13,27,0,1,-1,-4.9404,3,1,2,0.187355,-0.0463714,0.0371017,0.0905757,-0.103872
80,0.95,0.95,603,180.143,13,279,13,-1,1,72,1,0,14,7,4,7,121.13,1,-1,-4.86275,2,1,2,0.217653,-0.317207,0.0371017,0.070692,-0.103872
80,0.95,0.95,604,180.205,8,8,-1,-1,1,-1,1,1,45,21,12,24,0,1,-1,-4.77262,1,5,1,-0.013502,0.00453818,0.015196,0.193644,-0.0624857
80,0.95,0.95,605,180.629,16,16,-1,-1,1,-1,0,1,45,22,15,23,0,1,-1,-5.17133,1,1,1,-0.0674096,-0.0670277,-0.0591196,-0.00643656,0.0395433
80,0.95,0.95,606,184.143,13,13,-1,-1,1,-1,1,0,46,18,14,28,0,1,-1,-4.9404,1,1,2,0.187355,-0.0463714,0.0371017,0.0905757,-0.103872
80,0.95,0.95,607,184.143,13,279,13,-1,1,72,0,0,15,8,4,7,121.13,1,-1,-4.86275,1,2,2,0.217653,-0.317207,0.0371017,0.070692,-0.103872
80,0.95,0.95,608,184.205,8,8,-1,-1,1,-1,1,0,46,22,12,24,0,1,-1,-4.77262,1,4,1,-0.013502,0.00453818,0.015196,0.193644,-0.0624857
80,0.95,0.95,609,184.629,16,16,-1,-1,1,-1,1,0,46,22,16,24,0,1,-1,-5.17133,1,0,1,-0.0674096,-0.0670277,-0.0591196,-0.00643656,0.0395433
80,0.95,0.95,610,188.143,13,13,-1,-1,1,-1,0,0,47,19,14,28,0,1,-1,-4.9404,2,2,2,0.187355,-0.0463714,0.0371017,0.0905757,-0.103872
80,0.95,0.95,611,188.143,13,279,13,-1,1,72,0,0,16,8,4,8,121.13,1,-1,-4.86275,3,2,2,0.217653,-0.317207,0.0371017,0.070692,-0.103872
80,0.95,0.95,612,188.205,8,8,-1,-1,1,-1,0,1,47,23,12,24,0,1,-1,-4.77262,1,5,1,-0.013502,0.00453818,0.015196,0.193644,-0.0624857
80,0.95,0.95,613,188.629,16,16,-1,-1,1,-1,0,1,47,23,16,24,0,1,-1,-5.17133,2,0,1,-0.0674096,-0.0670277,-0.0591196,-0.00643656,0.0395433
80,0.95,0.95,614,192.143,13,13,-1,-1,1,-1,0,0,48,19,15,29,0,1,-1,-4.9404,3,3,2,0.187355,-0.0463714,0.0371017,0.0905757,-0.103872
80,0.95,0.95,615,192.143,13,279,13,-1,1,72,0,1,17,8,5,9,121.13,1,-1,-4.86275,4,3,2,0.217653,-0.317207,0.0371017,0.070692,-0.103872
80,0.95,0.95,616,192.205,8,8,-1,-1,1,-1,1,0,48,23,12,25,0,1,-1,-4.77262,1,4,1,-0.013502,0.00453818,0.015196,0.193644,-0.0624857
80,0.95,0.95,617,192.629,16,16,-1,-1,1,-1,1,1,48,23,17,25,0,1,-1,-5.17133,1,0,1,-0.0674096,-0.0670277,-0.0591196,-0.00643656,0.0395433
80,0.95,0.95,618,196.143,13,13,-1,-1,1,-1,0,1,49,19,15,30,0,1,-1,-4.9404,5,3,2,0.187355,-0.0463714,0.0371017,0.0905757,-0.103872
80,0.95,0.95,619,196.143,13,279,13,-1,1,72,1,1,18,8,6,10,121.13,1,-1,-4.86275,4,3,2,0.217653,-0.317207,0.0371017,0.070692,-0.103872
80,0.95,0.95,620,196.205,8,8,-1,-1,1,-1,0,1,49,24,12,25,0,1,-1,-4.77262,1,5,1,-0.013502,0.00453818,0.015196,0.193644,-0.0624857
80,0.95,0.95,621,196.629,16,16,-1,-1,1,-1,1,0,49,24,17,25,0,1,-1,-5.17133,0,0,1,-0.0674096,-0.0670277,-0.0591196,-0.00643656,0.0395433
80,0.95,0.95,622,200.143,13,13,-1,-1,1,-1,1,1,50,19,16,31,0,1,-1,-4.9404,4,2,2,0.187355,-0.0463714,0.0371017,0.0905757,-0.103872
80,0.95,0.95,623,200.143,13,279,13,-1,1,72,1,0,19,9,6,10,121.13,1,-1,-4.86275,3,2,2,0.217653,-0.317207,0.0371017,0.070692,-0.103872
80,0.95,0.95,624,200.205,8,8,-1,-1,1,-1,1,0,50,24,12,26,0,1,-1,-4.77262,1,3,1,-0.013502,0.00453818,0.015196,0.193644,-0.0624857
80,0.95,0.95,625,200.629,16,16,-1,-1,1,-1,0,1,50,25,17,25,0,1,-1,-5.17133,1,0,1,-0.0674096,-0.0670277,-0.0591196,-0.00643656,0.0395433
80,0.95,0.95,626,204.143,13,13,-1,-1,1,-1,1,1,51,20,16,31,0,1,-1,-4.9404,3,1,2,0.187355,-0.0463714,0.0371017,0.0905757,-0.103872
80,0.95,0.95,627,204.143,13,279,13,-1,1,72,0,1,20,10,6,10,121.13,1,-1,-4.86275,3,2,2,0.217653,-0.317207,0.0371017,0.070692,-0.103872
80,0.95,0.95,628,204.205,8,8,-1,-1,1,-1,0,0,51,25,12,26,0,1,-1,-4.77262,1,4,1,-0.013502,0.00453818,0.015196,0.193644,-0.0624857
80,0.95,0.95,629,204.629,16,16,-1,-1,1,-1,1,0,51,25,18,26,0,1,-1,-5.17133,0,0,1,-0.0674096,-0.0670277,-0.0591196,-0.00643656,0.0395433
80,0.95,0.95,630,208.143,13,13,-1,-1,1,-1,1,0,52,21,16,31,0,1,-1,-4.9404,2,2,2,0.187355,-0.0463714,0.0371017,0.0905757,-0.103872
80,0.95,0.95,631,208.143,13,279,13,-1,1,72,1,0,21,10,6,11,121.13,1,-1,-4.86275,1,1,2,0.217653,-0.317207,0.0371017,0.070692,-0.103872
80,0.95,0.95,632,208.205,8,8,-1,-1,1,-1,0,0,52,25,12,27,0,1,-1,-4.77262,1,5,1,-0.013502,0.00453818,0.015196,0.193644,-0.0624857
80,0.95,0.95,633,208.629,16,16,-1,-1,1,-1,0,1,52,26,18,26,0,1,-1,-5.17133,0,1,1,-0.0674096,-0.0670277,-0.0591196,-0.00643656,0.0395433
80,0.95,0.95,634,212.143,13,13,-1,-1,1,-1,0,0,53,22,16,31,0,1,-1,-4.9404,1,2,2,0.187355,-0.0463714,0.0371017,0.0905757,-0.103872
80,0.95,0.95,635,212.143,13,279,13,-1,1,72,0,0,22,11,6,11,121.13,1,-1,-4.86275,1,3,2,0.217653,-0.317207,0.0371017,0.070692,-0.103872
80,0.95,0.95,636,212.205,8,8,-1,-1,1,-1,0,0,53,25,12,28,0,1,-1,-4.77262,1,6,1,-0.013502,0.00453818,0.015196,0.193644,-0.0624857
80,0.95,0.95,637,212.629,16,16,-1,-1,1,-1,1,1,53,26,18,27,0,1,-1,-5.17133,0,0,1,-0.0674096,-0.0670277,-0.0591196,-0.00643656,0.0395433
80,0.95,0.95,638,216.143,13,13,-1,-1,1,-1,0,0,54,22,16,32,0,1,-1,-4.9404,2,3,2,0.187355,-0.0463714,0.0371017,0.0905757,-0.103872
80,0.95,0.95,639,216.143,13,279,13,-1,1,72,0,1,23,11,6,12,121.13,1,-1,-4.86275,2,4,2,0.217653,-0.317207,0.0371017,0.070692,-0.103872
80,0.95,0.95,640,216.205,8,8,-1,-1,1,-1,0,0,54,25,12,29,0,1,-1,-4.77262,1,7,1,-0.013502,0.00453818,0.015196,0.193644,-0.0624857
80,0.95,0.95,641,216.629,16,16,-1,-1,1,-1,1,1,54,27,18,27,0,1,-1,-5.17133,0,0,1,-0.0674096,-0.0670277,-0.0591196,-0.00643656,0.0395433
80,0.95,0.95,642,220.143,13,13,-1,-1,1,-1,0,1,55,22,17,33,0,1,-1,-4.9404,3,4,2,0.187355,-0.0463714,0.0371017,0.0905757,-0.103872
80,0.95,0.95,643,220.143,13,279,13,-1,1,72,1,1,24,11,6,13,121.13,1,-1,-4.86275,2,4,2,0.217653,-0.317207,0.0371017,0.070692,-0.103872
80,0.95,0.95,644,220.205,8,8,-1,-1,1,-1,0,0,55,25,12,30,0,1,-1,-4.77262,1,8,1,-0.013502,0.00453818,0.015196,0.193644,-0.0624857
80,0.95,0.95,645,220.629,16,16,-1,-1,1,-1,1,0,55,28,18,27,0,1,-1,-5.17133,0,0,1,-0.0674096,-0.0670277,-0.0591196,-0.00643656,0.0395433
80,0.95,0.95,646,224.143,13,13,-1,-1,1,-1,1,1,56,22,18,34,0,1,-1,-4.9404,1,4,2,0.187355,-0.0463714,0.0371017,0.0905757,-0.103872
80,0.95,0.95,647,224.143,13,279,13,-1,1,72,1,1,25,12,6,13,121.13,1,-1,-4.86275,1,3,2,0.217653,-0.317207,0.0371017,0.070692,-0.103872
80,0.95,0.95,648,224.205,8,8,-1,-1,1,-1,0,0,56,25,12,31,0,1,-1,-4.77262,2,8,1,-0.013502,0.00453818,0.015196,0.193644,-0.0624857
80,0.95,0.95,649,224.629,16,16,-1,-1,1,-1,0,1,56,29,18,27,0,1,-1,-5.17133,0,1,1,-0.0674096,-0.0670277,-0.0591196,-0.00643656,0.0395433
80,0.95,0.95,650,228.143,13,13,-1,-1,1,-1,1,1,57,23,18,34,0,1,-1,-4.9404,0,3,2,0.187355,-0.0463714,0.0371017,0.0905757,-0.103872
80,0.95,0.95,651,228.143,13,279,13,-1,1,72,1,0,26,13,6,13,121.13,1,-1,-4.86275,0,1,2,0.217653,-0.317207,0.0371017,0.070692,-0.103872
80,0.95,0.95,652,228.205,8,8,-1,-1,1,-1,0,1,57,25,13,32,0,1,-1,-4.77262,2,9,1,-0.013502,0.00453818,0.015196,0.193644,-0.0624857
80,0.95,0.95,653,228.629,16,16,-1,-1,1,-1,1,1,57,29,18,28,0,1,-1,-5.17133,0,0,1,-0.0674096,-0.0670277,-0.0591196,-0.00643656,0.0395433
80,0.95,0.95,654,232.143,13,13,-1,-1,1,-1,1,1,58,24,18,34,0,1,-1,-4.9404,0,0,2,0.187355,-0.0463714,0.0371017,0.0905757,-0.103872
80,0.95,0.95,655,232.143,13,279,13,-1,1,72,0,1,27,14,6,13,121.13,1,-1,-4.86275,0,1,2,0.217653,-0.317207,0.0371017,0.070692,-0.103872
80,0.95,0.95,656,232.205,8,8,-1,-1,1,-1,1,1,58,25,13,33,0,1,-1,-4.77262,2,7,1,-0.013502,0.00453818,0.015196,0.193644,-0.0624857
80,0.95,0.95,657,232.629,16,16,-1,-1,1,-1,1,1,58,30,18,28,0,1,-1,-5.17133,0,0,1,-0.0674096,-0.0670277,-0.0591196,-0.00643656,0.0395433
80,0.95,0.95,658,236.143,13,13,-1,-1,1,-1,1,0,59,25,18,34,0,1,-1,-4.9404,0,0,2,0.187355,-0.0463714,0.0371017,0.0905757,-0.103872
80,0.95,0.95,659,236.143,13,279,13,-1,1,72,1,0,28,14,6,14,121.13,1,-1,-4.86275,0,0,2,0.217653,-0.317207,0.0371017,0.070692,-0.103872
80,0.95,0.95,660,236.205,8,8,-1,-1,1,-1,1,1,59,26,13,33,0,1,-1,-4.77262,2,6,1,-0.013502,0.00453818,0.015196,0.193644,-0.0624857
80,0.95,0.95,661,236.629,16,16,-1,-1,1,-1,1,0,59,31,18,28,0,1,-1,-5.17133,0,0,1,-0.0674096,-0.0670277,-0.0591196,-0.00643656,0.0395433
80,0.95,0.95,662,240.143,13,13,-1,-1,1,-1,0,1,60,26,18,34,0,1,-1,-4.9404,1,0,2,0.187355,-0.0463714,0.0371017,0.0905757,-0.103872
80,0.95,0.95,663,240.143,13,279,13,-1,1,72,0,1,29,15,6,14,121.13,1,-1,-4.86275,2,0,2,0.217653,-0.317207,0.0371017,0.070692,-0.103872
80,0.95,0.95,664,240.205,8,8,-1,-1,1,-1,1,0,60,27,13,33,0,1,-1,-4.77262,2,5,1,-0.013502,0.00453818,0.015196,0.193644,-0.0624857
80,0.95,0.95,665,240.629,16,16,-1,-1,1,-1,0,0,60,32,18,28,0,1,-1,-5.17133,1,0,1,-0.0674096,-0.0670277,-0.0591196,-0.00643656,0.0395433
80,0.95,0.95,666,244.143,13,13,-1,-1,1,-1,1,1,61,26,19,35,0,1,-1,-4.9404,1,0,2,0.187355,-0.0463714,0.0371017,0.0905757,-0.103872
80,0.95,0.95,667,244.143,13,279,13,-1,1,72,1,0,30,15,7,15,121.13,1,-1,-4.86275,0,0,2,0.217653,-0.317207,0.0371017,0.070692,-0.103872
80,0.95,0.95,668,244.205,8,8,-1,-1,1,-1,0,1,61,28,13,33,0,1,-1,-4.77262,2,6,1,-0.013502,0.00453818,0.015196,0.193644,-0.0624857
80,0.95,0.95,669,244.629,16,16,-1,-1,1,-1,0,1,61,32,19,29,0,1,-1,-5.17133,2,0,1,-0.0674096,-0.0670277,-0.0591196,-0.00643656,0.0395433
80,0.95,0.95,670,248.143,13,13,-1,-1,1,-1,1,0,62,27,19,35,0,1,-1,-4.9404,0,0,2,0.187355,-0.0463714,0.0371017,0.0905757,-0.103872
80,0.95,0.95,671,248.143,13,279,13,-1,1,72,0,1,31,16,7,15,121.13,1,-1,-4.86275,0,1,2,0.217653,-0.317207,0.0371017,0.070692,-0.103872
80,0.95,0.95,672,248.205,8,8,-1,-1,1,-1,1,0,62,28,13,34,0,1,-1,-4.77262,1,4,1,-0.013502,0.00453818,0.015196,0.193644,-0.0624857
80,0.95,0.95,673,248.629,16,16,-1,-1,1,-1,1,1,62,32,20,30,0,1,-1,-5.17133,0,0,1,-0.0674096,-0.0670277,-0.0591196,-0.00643656,0.0395433
80,0.95,0.95,674,252.143,13,13,-1,-1,1,-1,0,0,63,28,19,35,0,1,-1,-4.9404,1,1,2,0.187355,-0.0463714,0.0371017,0.0905757,-0.103872
80,0.95,0.95,675,252.143,13,279,13,-1,1,72,1,0,32,16,7,16,121.13,1,-1,-4.86275,0,1,2,0.217653,-0.317207,0.0371017,0.070692,-0.103872
80,0.95,0.95,676,252.205,8,8,-1,-1,1,-1,0,1,63,29,13,34,0,1,-1,-4.77262,1,5,1,-0.013502,0.00453818,0.015196,0.193644,-0.0624857
80,0.95,0.95,677,252.629,16,16,-1,-1,1,-1,1,0,63,33,20,30,0,1,-1,-5.17133,0,0,1,-0.0674096,-0.0670277,-0.0591196,-0.00643656,0.0395433
80,0.95,0.95,678,256.143,13,13,-1,-1,1,-1,0,1,64,28,20,36,0,1,-1,-4.9404,1,1,2,0.187355,-0.0463714,0.0371017,0.0905757,-0.103872
80,0.95,0.95,679,256.143,13,279,13,-1,1,72,0,0,33,17,7,16,121.13,1,-1,-4.86275,2,1,2,0.217653,-0.317207,0.0371017,0.070692,-0.103872
80,0.95,0.95,680,256.205,8,8,-1,-1,1,-1,1,1,64,29,13,35,0,1,-1,-4.77262,1,4,1,-0.013502,0.00453818,0.015196,0.193644,-0.0624857
80,0.95,0.95,681,256.629,16,16,-1,-1,1,-1,0,1,64,34,20,30,0,1,-1,-5.17133,0,1,1,-0.0674096,-0.0670277,-0.0591196,-0.00643656,0.0395433
80,0.95,0.95,682,260.143,13,13,-1,-1,1,-1,1,1,65,28,21,37,0,1,-1,-4.9404,1,1,2,0.187355,-0.0463714,0.0371017,0.0905757,-0.103872
80,0.95,0.95,683,260.143,13,279,13,-1,1,72,0,1,34,17,8,17,121.13,1,-1,-4.86275,1,2,2,0.217653,-0.317207,0.0371017,0.070692,-0.103872
80,0.95,0.95,684,260.205,8,8,-1,-1,1,-1,1,1,65,30,13,35,0,1,-1,-4.77262,1,3,1,-0.013502,0.00453818,0.015196,0.193644,-0.0624857
80,0.95,0.95,685,260.629,16,16,-1,-1,1,-1,1,1,65,34,20,31,0,1,-1,-5.17133,0,0,1,-0.0674096,-0.0670277,-0.0591196,-0.00643656,0.0395433
80,0.95,0.95,686,264.143,13,13,-1,-1,1,-1,1,0,66,29,21,37,0,1,-1,-4.9404,1,1,2,0.187355,-0.0463714,0.0371017,0.0905757,-0.103872
80,0.95,0.95,687,264.143,13,279,13,-1,1,72,1,1,35,17,8,18,121.13,1,-1,-4.86275,1,0,2,0.217653,-0.317207,0.0371017,0.070692,-0.103872
80,0.95,0.95,688,264.205,8,8,-1,-1,1,-1,1,0,66,31,13,35,0,1,-1,-4.77262,1,2,1,-0.013502,0.00453818,0.015196,0.193644,-0.0624857
80,0.95,0.95,689,264.629,16,16,-1,-1,1,-1,1,1,66,35,20,31,0,1,-1,-5.17133,0,0,1,-0.0674096,-0.0670277,-0.0591196,-0.00643656,0.0395433
80,0.95,0.95,690,266.205,8,8,-1,-1,1,-1,0,0,67,32,13,35,0,0,266.205,-4.77262,1,2,0,-0.013502,0.00453818,0.015196,0.193644,-0.0624857
80,0.95,0.95,691,268.143,13,13,-1,-1,1,-1,0,1,67,30,21,37,0,1,-1,-4.9404,2,0,2,0.187355,-0.0463714,0.0371017,0.0905757,-0.103872
80,0.95,0.95,692,268.143,13,279,13,-1,1,72,1,1,36,18,8,18,121.13,1,-1,-4.86275,1,0,2,0.217653,-0.317207,0.0371017,0.070692,-0.103872
80,0.95,0.95,693,268.629,16,16,-1,-1,1,-1,1,1,67,36,20,31,0,1,-1,-5.17133,0,0,1,-0.0674096,-0.0670277,-0.0591196,-0.00643656,0.0395433
80,0.95,0.95,694,272.143,13,13,-1,-1,1,-1,1,1,68,30,22,38,0,1,-1,-4.9404,0,0,2,0.187355,-0.0463714,0.0371017,0.0905757,-0.103872
80,0.95,0.95,695,272.143,13,279,13,-1,1,72,1,0,37,19,8,18,121.13,1,-1,-4.86275,0,0,2,0.217653,-0.317207,0.0371017,0.070692,-0.103872
80,0.95,0.95,696,272.629,16,16,-1,-1,1,-1,1,1,68,37,20,31,0,1,-1,-5.17133,0,0,1,-0.0674096,-0.0670277,-0.0591196,-0.00643656,0.0395433
80,0.95,0.95,697,276.143,13,13,-1,-1,1,-1,1,0,69,31,22,38,0,1,-1,-4.9404,0,0,2,0.187355,-0.0463714,0.0371017,0.0905757,-0.103872
80,0.95,0.95,698,276.143,13,279,13,-1,1,72,0,0,38,20,8,18,121.13,1,-1,-4.86275,1,0,2,0.217653,-0.317207,0.0371017,0.070692,-0.103872
80,0.95,0.95,699,276.629,16,16,-1,-1,1,-1,1,0,69,38,20,31,0,1,-1,-5.17133,0,0,1,-0.0674096,-0.0670277,-0.0591196,-0.00643656,0.0395433
80,0.95,0.95,700,280.143,13,13,-1,-1,1,-1,0,0,70,32,22,38,0,1,-1,-4.9404,2,0,2,0.187355,-0.0463714,0.0371017,0.0905757,-0.103872
80,0.95,0.95,701,280.143,13,279,13,-1,1,72,0,1,39,20,9,19,121.13,1,-1,-4.86275,2,1,2,0.217653,-0.317207,0.0371017,0.070692,-0.103872
80,0.95,0.95,702,280.629,16,16,-1,-1,1,-1,0,1,70,39,20,31,0,1,-1,-5.17133,1,0,1,-0.0674096,-0.0670277,-0.0591196,-0.00643656,0.0395433
80,0.95,0.95,703,284.143,13,13,-1,-1,1,-1,0,1,71,32,23,39,0,1,-1,-4.9404,2,2,2,0.187355,-0.0463714,0.0371017,0.0905757,-0.103872
80,0.95,0.95,704,284.143,13,279,13,-1,1,72,1,0,40,20,9,20,121.13,1,-1,-4.86275,2,1,2,0.217653,-0.317207,0.0371017,0.070692,-0.103872
80,0.95,0.95,705,284.629,16,16,-1,-1,1,-1,1,1,71,39,21,32,0,1,-1,-5.17133,0,0,1,-0.0674096,-0.0670277,-0.0591196,-0.00643656,0.0395433
80,0.95,0.95,706,288.143,13,13,-1,-1,1,-1,1,1,72,32,23,40,0,1,-1,-4.9404,2,0,2,0.187355,-0.0463714,0.0371017,0.0905757,-0.103872
80,0.95,0.95,707,288.143,13,279,13,-1,1,72,0,0,41,21,9,20,121.13,1,-1,-4.86275,3,0,2,0.217653,-0.317207,0.0371017,0.070692,-0.103872
80,0.95,0.95,708,288.629,16,16,-1,-1,1,-1,1,0,72,40,21,32,0,1,-1,-5.17133,0,0,1,-0.0674096,-0.0670277,-0.0591196,-0.00643656,0.0395433
80,0.95,0.95,709,292.143,13,13,-1,-1,1,-1,1,1,73,33,23,40,0,1,-1,-4.9404,2,0,2,0.187355,-0.0463714,0.0371017,0.0905757,-0.103872
80,0.95,0.95,710,292.143,13,279,13,-1,1,72,0,1,42,21,10,21,121.13,1,-1,-4.86275,3,0,2,0.217653,-0.317207,0.0371017,0.070692,-0.103872
80,0.95,0.95,711,292.629,16,16,-1,-1,1,-1,0,0,73,41,21,32,0,1,-1,-5.17133,1,0,1,-0.0674096,-0.0670277,-0.0591196,-0.00643656,0.0395433
80,0.95,0.95,712,296.143,13,13,-1,-1,1,-1,1,0,74,34,23,40,0,1,-1,-4.9404,2,0,2,0.187355,-0.0463714,0.0371017,0.0905757,-0.103872
80,0.95,0.95,713,296.143,13,279,13,-1,1,72,1,1,43,21,11,22,121.13,1,-1,-4.86275,1,0,2,0.217653,-0.317207,0.0371017,0.070692,-0.103872
80,0.95,0.95,714,296.629,16,16,-1,-1,1,-1,0,1,74,41,22,33,0,1,-1,-5.17133,2,0,1,-0.0674096,-0.0670277,-0.0591196,-0.00643656,0.0395433
80,0.95,0.95,715,298.143,13,13,-1,-1,1,-1,0,1,75,35,23,40,0,0,298.143,-4.9404,1,0,1,0.187355,-0.0463714,0.0371017,0.0905757,-0.103872
80,0.95,0.95,716,300.143,13,279,13,-1,1,72,1,1,44,22,11,22,121.13,1,-1,-4.86275,0,0,1,0.217653,-0.317207,0.0371017,0.070692,-0.103872
80,0.95,0.95,717,300.629,16,16,-1,-1,1,-1,1,0,75,41,23,34,0,1,-1,-5.17133,1,0,1,-0.0674096,-0.0670277,-0.0591196,-0.00643656,0.0395433
80,0.95,0.95,718,304.143,13,279,13,-1,1,72,1,1,45,23,11,22,121.13,1,-1,-4.86275,0,0,1,0.217653,-0.317207,0.0371017,0.070692,-0.103872
80,0.95,0.95,719,304.629,16,16,-1,-1,1,-1,0,0,76,42,23,34,0,1,-1,-5.17133,2,0,1,-0.0674096,-0.0670277,-0.0591196,-0.00643656,0.0395433
80,0.95,0.95,720,308.143,13,279,13,-1,1,72,1,1,46,24,11,22,121.13,1,-1,-4.86275,0,0,1,0.217653,-0.317207,0.0371017,0.070692,-0.103872
80,0.95,0.95,721,308.629,16,16,-1,-1,1,-1,0,1,77,42,24,35,0,1,-1,-5.17133,2,1,1,-0.0674096,-0.0670277,-0.0591196,-0.00643656,0.0395433
80,0.95,0.95,722,312.143,13,279,13,-1,1,72,1,0,47,25,11,22,121.13,1,-1,-4.86275,0,0,1,0.217653,-0.317207,0.0371017,0.070692,-0.103872
80,0.95,0.95,723,312.629,16,16,-1,-1,1,-1,1,0,78,42,24,36,0,1,-1,-5.17133,1,1,1,-0.0674096,-0.0670277,-0.0591196,-0.00643656,0.0395433
80,0.95,0.95,724,314.143,13,279,13,-1,1,72,0,0,48,26,11,22,121.13,0,314.143,-4.86275,0,0,0,0.217653,-0.317207,0.0371017,0.070692,-0.103872
80,0.95,0.95,725,316.629,16,16,-1,-1,1,-1,0,1,79,43,24,36,0,1,-1,-5.17133,2,1,1,-0.0674096,-0.0670277,-0.0591196,-0.00643656,0.0395433
80,0.95,0.95,726,320.629,16,16,-1,-1,1,-1,1,0,80,43,25,37,0,1,-1,-5.17133,1,1,1,-0.0674096,-0.0670277,-0.0591196,-0.00643656,0.0395433
80,0.95,0.95,727,322.629,16,16,-1,-1,1,-1,0,0,81,44,25,37,0,0,322.629,-5.17133,1,1,0,-0.0674096,-0.0670277,-0.0591196,-0.00643656,0.0395433
